{
"meta":{"test_sets":[],"test_metrics":[],"learn_metrics":[{"best_value":"Min","name":"Logloss"}],"launch_mode":"Train","parameters":"","iteration_count":1000,"learn_sets":["learn"],"name":"experiment"},
"iterations":[
{"learn":[0.6502946511],"iteration":0,"passed_time":0.01009106985,"remaining_time":10.08097878},
{"learn":[0.611210244],"iteration":1,"passed_time":0.02199450696,"remaining_time":10.97525897},
{"learn":[0.5836226297],"iteration":2,"passed_time":0.03168849215,"remaining_time":10.53114223},
{"learn":[0.5612035784],"iteration":3,"passed_time":0.04077140793,"remaining_time":10.15208057},
{"learn":[0.5389863959],"iteration":4,"passed_time":0.05057852083,"remaining_time":10.06512565},
{"learn":[0.5202489332],"iteration":5,"passed_time":0.0601836557,"remaining_time":9.970425628},
{"learn":[0.5049889364],"iteration":6,"passed_time":0.0739331096,"remaining_time":10.48793969},
{"learn":[0.4922451163],"iteration":7,"passed_time":0.08463846606,"remaining_time":10.49516979},
{"learn":[0.4831738525],"iteration":8,"passed_time":0.09500596142,"remaining_time":10.46121197},
{"learn":[0.4755243119],"iteration":9,"passed_time":0.1057568162,"remaining_time":10.4699248},
{"learn":[0.4689802375],"iteration":10,"passed_time":0.1169311696,"remaining_time":10.51317516},
{"learn":[0.4611295925],"iteration":11,"passed_time":0.128804661,"remaining_time":10.60491709},
{"learn":[0.4544315983],"iteration":12,"passed_time":0.1396699098,"remaining_time":10.60416931},
{"learn":[0.4490198954],"iteration":13,"passed_time":0.1571297765,"remaining_time":11.06642569},
{"learn":[0.4447804335],"iteration":14,"passed_time":0.1748320375,"remaining_time":11.48063713},
{"learn":[0.4416981733],"iteration":15,"passed_time":0.2000181793,"remaining_time":12.30111802},
{"learn":[0.4389269816],"iteration":16,"passed_time":0.2170143659,"remaining_time":12.54853657},
{"learn":[0.4347211822],"iteration":17,"passed_time":0.2327789005,"remaining_time":12.69938224},
{"learn":[0.4331701629],"iteration":18,"passed_time":0.2527786244,"remaining_time":13.0513595},
{"learn":[0.4304828214],"iteration":19,"passed_time":0.2713039402,"remaining_time":13.29389307},
{"learn":[0.4284346893],"iteration":20,"passed_time":0.2850108804,"remaining_time":13.2869358},
{"learn":[0.4252403598],"iteration":21,"passed_time":0.2983831918,"remaining_time":13.26448916},
{"learn":[0.4231321304],"iteration":22,"passed_time":0.3073744403,"remaining_time":13.05673166},
{"learn":[0.4219092249],"iteration":23,"passed_time":0.3177481845,"remaining_time":12.9217595},
{"learn":[0.4208318987],"iteration":24,"passed_time":0.3289673745,"remaining_time":12.82972761},
{"learn":[0.4195655179],"iteration":25,"passed_time":0.3393925332,"remaining_time":12.71416644},
{"learn":[0.4179156978],"iteration":26,"passed_time":0.350175468,"remaining_time":12.61928631},
{"learn":[0.4167688027],"iteration":27,"passed_time":0.3605053709,"remaining_time":12.51468645},
{"learn":[0.4159047609],"iteration":28,"passed_time":0.3711651361,"remaining_time":12.42763266},
{"learn":[0.4151373738],"iteration":29,"passed_time":0.3825327613,"remaining_time":12.36855928},
{"learn":[0.4141851603],"iteration":30,"passed_time":0.39404803,"remaining_time":12.31717874},
{"learn":[0.4128925484],"iteration":31,"passed_time":0.4050418379,"remaining_time":12.2525156},
{"learn":[0.4122562577],"iteration":32,"passed_time":0.4188371487,"remaining_time":12.27319766},
{"learn":[0.4113453868],"iteration":33,"passed_time":0.431214055,"remaining_time":12.25155227},
{"learn":[0.4102111978],"iteration":34,"passed_time":0.4425364414,"remaining_time":12.20136188},
{"learn":[0.4096352514],"iteration":35,"passed_time":0.4520972036,"remaining_time":12.10615845},
{"learn":[0.4087690492],"iteration":36,"passed_time":0.4636597479,"remaining_time":12.06768479},
{"learn":[0.4078981463],"iteration":37,"passed_time":0.476103583,"remaining_time":12.05293808},
{"learn":[0.406060395],"iteration":38,"passed_time":0.4875293348,"remaining_time":12.01322284},
{"learn":[0.4049394413],"iteration":39,"passed_time":0.4984928019,"remaining_time":11.96382725},
{"learn":[0.4041893637],"iteration":40,"passed_time":0.5102424865,"remaining_time":11.93469621},
{"learn":[0.4035835117],"iteration":41,"passed_time":0.5207745398,"remaining_time":11.87861926},
{"learn":[0.4031676412],"iteration":42,"passed_time":0.5315560888,"remaining_time":11.83021342},
{"learn":[0.4024882337],"iteration":43,"passed_time":0.5431738693,"remaining_time":11.8016868},
{"learn":[0.4020882306],"iteration":44,"passed_time":0.5546851561,"remaining_time":11.77165165},
{"learn":[0.4016880743],"iteration":45,"passed_time":0.5649956272,"remaining_time":11.71751801},
{"learn":[0.4011974139],"iteration":46,"passed_time":0.5764662592,"remaining_time":11.6887733},
{"learn":[0.4005481119],"iteration":47,"passed_time":0.5883111469,"remaining_time":11.66817108},
{"learn":[0.3999759677],"iteration":48,"passed_time":0.5994609215,"remaining_time":11.63443544},
{"learn":[0.3996142121],"iteration":49,"passed_time":0.6100664013,"remaining_time":11.59126162},
{"learn":[0.3993697438],"iteration":50,"passed_time":0.6220240908,"remaining_time":11.57452671},
{"learn":[0.3990653777],"iteration":51,"passed_time":0.6323139928,"remaining_time":11.52757048},
{"learn":[0.3985561361],"iteration":52,"passed_time":0.6442762487,"remaining_time":11.51187939},
{"learn":[0.3980425538],"iteration":53,"passed_time":0.6552288117,"remaining_time":11.47863807},
{"learn":[0.3976278543],"iteration":54,"passed_time":0.6662421042,"remaining_time":11.4472507},
{"learn":[0.3973740592],"iteration":55,"passed_time":0.6767447696,"remaining_time":11.40798326},
{"learn":[0.3969917818],"iteration":56,"passed_time":0.6872756519,"remaining_time":11.37019193},
{"learn":[0.3967385564],"iteration":57,"passed_time":0.6977237163,"remaining_time":11.33199553},
{"learn":[0.3964250057],"iteration":58,"passed_time":0.7079445855,"remaining_time":11.29111619},
{"learn":[0.3958576506],"iteration":59,"passed_time":0.7192902001,"remaining_time":11.2688798},
{"learn":[0.3955043198],"iteration":60,"passed_time":0.7294575299,"remaining_time":11.22886263},
{"learn":[0.3942440646],"iteration":61,"passed_time":0.7391471551,"remaining_time":11.18258115},
{"learn":[0.3936179907],"iteration":62,"passed_time":0.7486805424,"remaining_time":11.13513759},
{"learn":[0.3933711898],"iteration":63,"passed_time":0.7587156675,"remaining_time":11.09621664},
{"learn":[0.3931094553],"iteration":64,"passed_time":0.7716471214,"remaining_time":11.09984705},
{"learn":[0.3927152361],"iteration":65,"passed_time":0.7823260177,"remaining_time":11.07109849},
{"learn":[0.3924704835],"iteration":66,"passed_time":0.7921601551,"remaining_time":11.03112574},
{"learn":[0.3912720541],"iteration":67,"passed_time":0.8019628102,"remaining_time":10.99160793},
{"learn":[0.390689642],"iteration":68,"passed_time":0.8125095672,"remaining_time":10.96299141},
{"learn":[0.3904140949],"iteration":69,"passed_time":0.8231356024,"remaining_time":10.93594443},
{"learn":[0.3901675433],"iteration":70,"passed_time":0.8341674829,"remaining_time":10.9146703},
{"learn":[0.3892581805],"iteration":71,"passed_time":0.8443904316,"remaining_time":10.88325445},
{"learn":[0.3881681274],"iteration":72,"passed_time":0.8554989299,"remaining_time":10.86366449},
{"learn":[0.3879016573],"iteration":73,"passed_time":0.8666994834,"remaining_time":10.8454557},
{"learn":[0.3876672658],"iteration":74,"passed_time":0.8771632817,"remaining_time":10.81834714},
{"learn":[0.387494162],"iteration":75,"passed_time":0.8876557979,"remaining_time":10.79202575},
{"learn":[0.3872275886],"iteration":76,"passed_time":0.8985468503,"remaining_time":10.77089276},
{"learn":[0.3869519433],"iteration":77,"passed_time":0.9080249598,"remaining_time":10.73332068},
{"learn":[0.3861399489],"iteration":78,"passed_time":0.9188752225,"remaining_time":10.71245671},
{"learn":[0.3859518546],"iteration":79,"passed_time":0.9300433034,"remaining_time":10.69549799},
{"learn":[0.3857328949],"iteration":80,"passed_time":0.9408826134,"remaining_time":10.67495212},
{"learn":[0.3855558547],"iteration":81,"passed_time":0.951433539,"remaining_time":10.6514145},
{"learn":[0.3853269308],"iteration":82,"passed_time":0.9626203245,"remaining_time":10.63521491},
{"learn":[0.3850582753],"iteration":83,"passed_time":0.9735776336,"remaining_time":10.61663229},
{"learn":[0.3848578948],"iteration":84,"passed_time":0.9841171637,"remaining_time":10.59373182},
{"learn":[0.3844950157],"iteration":85,"passed_time":0.9953059513,"remaining_time":10.57801906},
{"learn":[0.384325305],"iteration":86,"passed_time":1.006491524,"remaining_time":10.56237657},
{"learn":[0.3839843471],"iteration":87,"passed_time":1.018048575,"remaining_time":10.55068523},
{"learn":[0.3837735497],"iteration":88,"passed_time":1.028726368,"remaining_time":10.52999687},
{"learn":[0.3833123286],"iteration":89,"passed_time":1.039825261,"remaining_time":10.51378875},
{"learn":[0.3824340494],"iteration":90,"passed_time":1.050361345,"remaining_time":10.49207101},
{"learn":[0.3822946195],"iteration":91,"passed_time":1.061568634,"remaining_time":10.47722086},
{"learn":[0.3820167321],"iteration":92,"passed_time":1.072297593,"remaining_time":10.45778405},
{"learn":[0.3818073945],"iteration":93,"passed_time":1.083501996,"remaining_time":10.44311499},
{"learn":[0.3816510258],"iteration":94,"passed_time":1.094318805,"remaining_time":10.42482651},
{"learn":[0.381489466],"iteration":95,"passed_time":1.105121971,"remaining_time":10.40656523},
{"learn":[0.381290818],"iteration":96,"passed_time":1.116628867,"remaining_time":10.39500894},
{"learn":[0.3811519788],"iteration":97,"passed_time":1.127971509,"remaining_time":10.38194185},
{"learn":[0.380924557],"iteration":98,"passed_time":1.139246439,"remaining_time":10.36829335},
{"learn":[0.3803531188],"iteration":99,"passed_time":1.150827271,"remaining_time":10.35744544},
{"learn":[0.3801826404],"iteration":100,"passed_time":1.161403477,"remaining_time":10.33764085},
{"learn":[0.3800201243],"iteration":101,"passed_time":1.170656906,"remaining_time":10.30637159},
{"learn":[0.3798762303],"iteration":102,"passed_time":1.179896739,"remaining_time":10.27541141},
{"learn":[0.3795694594],"iteration":103,"passed_time":1.189049142,"remaining_time":10.24411568},
{"learn":[0.3791323003],"iteration":104,"passed_time":1.198944218,"remaining_time":10.21957214},
{"learn":[0.3789252623],"iteration":105,"passed_time":1.210442987,"remaining_time":10.20883047},
{"learn":[0.3787817126],"iteration":106,"passed_time":1.221511604,"remaining_time":10.1944847},
{"learn":[0.3786070636],"iteration":107,"passed_time":1.233157492,"remaining_time":10.18496743},
{"learn":[0.3784182329],"iteration":108,"passed_time":1.243952103,"remaining_time":10.16845251},
{"learn":[0.3782281483],"iteration":109,"passed_time":1.256541545,"remaining_time":10.16656341},
{"learn":[0.3781300733],"iteration":110,"passed_time":1.267548495,"remaining_time":10.15180732},
{"learn":[0.3777791557],"iteration":111,"passed_time":1.277518699,"remaining_time":10.12889825},
{"learn":[0.3775979237],"iteration":112,"passed_time":1.289449573,"remaining_time":10.1216086},
{"learn":[0.3774220706],"iteration":113,"passed_time":1.299552856,"remaining_time":10.1000336},
{"learn":[0.3771639524],"iteration":114,"passed_time":1.310017192,"remaining_time":10.08143665},
{"learn":[0.3769410671],"iteration":115,"passed_time":1.320454512,"remaining_time":10.06277404},
{"learn":[0.3768057594],"iteration":116,"passed_time":1.33146049,"remaining_time":10.0485437},
{"learn":[0.376592566],"iteration":117,"passed_time":1.341767029,"remaining_time":10.02914},
{"learn":[0.3762502965],"iteration":118,"passed_time":1.352762016,"remaining_time":10.01498602},
{"learn":[0.3760595833],"iteration":119,"passed_time":1.363597333,"remaining_time":9.999713773},
{"learn":[0.3758105011],"iteration":120,"passed_time":1.374116917,"remaining_time":9.982221238},
{"learn":[0.3756444059],"iteration":121,"passed_time":1.384796295,"remaining_time":9.965993007},
{"learn":[0.3755134263],"iteration":122,"passed_time":1.396021625,"remaining_time":9.953747686},
{"learn":[0.3753233633],"iteration":123,"passed_time":1.408275812,"remaining_time":9.94878719},
{"learn":[0.3750123202],"iteration":124,"passed_time":1.420608143,"remaining_time":9.944257},
{"learn":[0.3748268318],"iteration":125,"passed_time":1.43563197,"remaining_time":9.958272552},
{"learn":[0.3742855131],"iteration":126,"passed_time":1.447600168,"remaining_time":9.950826354},
{"learn":[0.3741886838],"iteration":127,"passed_time":1.458075757,"remaining_time":9.933141094},
{"learn":[0.3739862521],"iteration":128,"passed_time":1.469644934,"remaining_time":9.922951452},
{"learn":[0.3738482461],"iteration":129,"passed_time":1.480419308,"remaining_time":9.90742152},
{"learn":[0.3735904269],"iteration":130,"passed_time":1.492156365,"remaining_time":9.898350235},
{"learn":[0.3734509963],"iteration":131,"passed_time":1.503553764,"remaining_time":9.887005053},
{"learn":[0.3732916196],"iteration":132,"passed_time":1.515051442,"remaining_time":9.876312786},
{"learn":[0.3730495554],"iteration":133,"passed_time":1.530655286,"remaining_time":9.892145353},
{"learn":[0.3726199726],"iteration":134,"passed_time":1.543064146,"remaining_time":9.887040636},
{"learn":[0.3724290348],"iteration":135,"passed_time":1.554757445,"remaining_time":9.877282595},
{"learn":[0.3722905431],"iteration":136,"passed_time":1.566625771,"remaining_time":9.868598834},
{"learn":[0.3722005366],"iteration":137,"passed_time":1.577144078,"remaining_time":9.851436195},
{"learn":[0.3720401579],"iteration":138,"passed_time":1.588328168,"remaining_time":9.838493184},
{"learn":[0.3717924983],"iteration":139,"passed_time":1.5998305,"remaining_time":9.827530213},
{"learn":[0.3716476123],"iteration":140,"passed_time":1.61182458,"remaining_time":9.819555418},
{"learn":[0.3715097113],"iteration":141,"passed_time":1.622625991,"remaining_time":9.804317605},
{"learn":[0.3713176017],"iteration":142,"passed_time":1.634547637,"remaining_time":9.795855421},
{"learn":[0.3712438586],"iteration":143,"passed_time":1.645615957,"remaining_time":9.782272636},
{"learn":[0.3710809754],"iteration":144,"passed_time":1.657795599,"remaining_time":9.775277498},
{"learn":[0.3708734895],"iteration":145,"passed_time":1.667330008,"remaining_time":9.752738541},
{"learn":[0.3706764857],"iteration":146,"passed_time":1.677927632,"remaining_time":9.736546053},
{"learn":[0.3705539066],"iteration":147,"passed_time":1.689846624,"remaining_time":9.728035973},
{"learn":[0.3703687504],"iteration":148,"passed_time":1.700765479,"remaining_time":9.713767936},
{"learn":[0.3701935103],"iteration":149,"passed_time":1.712521401,"remaining_time":9.704287938},
{"learn":[0.3700730799],"iteration":150,"passed_time":1.723832935,"remaining_time":9.692279215},
{"learn":[0.3699776326],"iteration":151,"passed_time":1.735115352,"remaining_time":9.680117229},
{"learn":[0.369835119],"iteration":152,"passed_time":1.746602788,"remaining_time":9.669101708},
{"learn":[0.3697235991],"iteration":153,"passed_time":1.756071616,"remaining_time":9.646990824},
{"learn":[0.3693602742],"iteration":154,"passed_time":1.767539264,"remaining_time":9.635939858},
{"learn":[0.3691409259],"iteration":155,"passed_time":1.779291352,"remaining_time":9.626422441},
{"learn":[0.3690304226],"iteration":156,"passed_time":1.788767105,"remaining_time":9.604653948},
{"learn":[0.368873431],"iteration":157,"passed_time":1.799953589,"remaining_time":9.592157733},
{"learn":[0.3687486796],"iteration":158,"passed_time":1.81107611,"remaining_time":9.579339678},
{"learn":[0.3686419137],"iteration":159,"passed_time":1.822718104,"remaining_time":9.569270044},
{"learn":[0.3684312642],"iteration":160,"passed_time":1.833066463,"remaining_time":9.552439517},
{"learn":[0.3683197615],"iteration":161,"passed_time":1.843463748,"remaining_time":9.535942104},
{"learn":[0.3681617009],"iteration":162,"passed_time":1.854481668,"remaining_time":9.52270648},
{"learn":[0.3680344546],"iteration":163,"passed_time":1.864854468,"remaining_time":9.506209362},
{"learn":[0.3678895507],"iteration":164,"passed_time":1.875826888,"remaining_time":9.492820918},
{"learn":[0.3677627962],"iteration":165,"passed_time":1.886740501,"remaining_time":9.47916613},
{"learn":[0.3676123367],"iteration":166,"passed_time":1.897050144,"remaining_time":9.462531559},
{"learn":[0.3674619162],"iteration":167,"passed_time":1.907453395,"remaining_time":9.446435861},
{"learn":[0.3672137319],"iteration":168,"passed_time":1.918188791,"remaining_time":9.432040741},
{"learn":[0.3670623533],"iteration":169,"passed_time":1.928990321,"remaining_time":9.418011568},
{"learn":[0.3669135109],"iteration":170,"passed_time":1.940522132,"remaining_time":9.40756051},
{"learn":[0.3668091233],"iteration":171,"passed_time":1.952851164,"remaining_time":9.400934673},
{"learn":[0.3666406117],"iteration":172,"passed_time":1.965097805,"remaining_time":9.393849046},
{"learn":[0.3665520434],"iteration":173,"passed_time":1.978153056,"remaining_time":9.39054267},
{"learn":[0.3663857762],"iteration":174,"passed_time":1.990219349,"remaining_time":9.382462645},
{"learn":[0.3662349295],"iteration":175,"passed_time":2.003134184,"remaining_time":9.378310041},
{"learn":[0.3660610384],"iteration":176,"passed_time":2.014895204,"remaining_time":9.368693521},
{"learn":[0.3659661094],"iteration":177,"passed_time":2.027876114,"remaining_time":9.364686324},
{"learn":[0.3658738661],"iteration":178,"passed_time":2.038907458,"remaining_time":9.351636999},
{"learn":[0.3657053863],"iteration":179,"passed_time":2.050382883,"remaining_time":9.340633135},
{"learn":[0.3655761513],"iteration":180,"passed_time":2.061365119,"remaining_time":9.327392447},
{"learn":[0.365445992],"iteration":181,"passed_time":2.073033402,"remaining_time":9.317260015},
{"learn":[0.3653346335],"iteration":182,"passed_time":2.083543155,"remaining_time":9.301938568},
{"learn":[0.3651741937],"iteration":183,"passed_time":2.095636634,"remaining_time":9.293692898},
{"learn":[0.3650342551],"iteration":184,"passed_time":2.106874277,"remaining_time":9.281635328},
{"learn":[0.3648444609],"iteration":185,"passed_time":2.119481061,"remaining_time":9.275578408},
{"learn":[0.3647474385],"iteration":186,"passed_time":2.133576919,"remaining_time":9.275925323},
{"learn":[0.36462497],"iteration":187,"passed_time":2.145503961,"remaining_time":9.266751151},
{"learn":[0.3645089208],"iteration":188,"passed_time":2.158001166,"remaining_time":9.259994419},
{"learn":[0.364390567],"iteration":189,"passed_time":2.169930709,"remaining_time":9.250757233},
{"learn":[0.3642635167],"iteration":190,"passed_time":2.182428887,"remaining_time":9.243900366},
{"learn":[0.3641530341],"iteration":191,"passed_time":2.194699733,"remaining_time":9.236028042},
{"learn":[0.364038993],"iteration":192,"passed_time":2.207270781,"remaining_time":9.22936539},
{"learn":[0.3638784103],"iteration":193,"passed_time":2.219796244,"remaining_time":9.222452435},
{"learn":[0.3637015009],"iteration":194,"passed_time":2.232209681,"remaining_time":9.215019451},
{"learn":[0.3635770411],"iteration":195,"passed_time":2.244001635,"remaining_time":9.204986297},
{"learn":[0.3634425854],"iteration":196,"passed_time":2.256998503,"remaining_time":9.199846691},
{"learn":[0.363273829],"iteration":197,"passed_time":2.268735637,"remaining_time":9.189525154},
{"learn":[0.363148182],"iteration":198,"passed_time":2.282385247,"remaining_time":9.186887352},
{"learn":[0.363044195],"iteration":199,"passed_time":2.295218382,"remaining_time":9.180873526},
{"learn":[0.362892617],"iteration":200,"passed_time":2.307121782,"remaining_time":9.17109604},
{"learn":[0.3627486432],"iteration":201,"passed_time":2.319827772,"remaining_time":9.164468131},
{"learn":[0.3626188328],"iteration":202,"passed_time":2.330692173,"remaining_time":9.150550057},
{"learn":[0.3625078624],"iteration":203,"passed_time":2.341885259,"remaining_time":9.137944442},
{"learn":[0.3623160672],"iteration":204,"passed_time":2.35308532,"remaining_time":9.125379656},
{"learn":[0.3621778756],"iteration":205,"passed_time":2.366310131,"remaining_time":9.120632251},
{"learn":[0.3619541948],"iteration":206,"passed_time":2.377488683,"remaining_time":9.107963893},
{"learn":[0.3618543342],"iteration":207,"passed_time":2.388748044,"remaining_time":9.095617552},
{"learn":[0.3617301368],"iteration":208,"passed_time":2.399890954,"remaining_time":9.082840882},
{"learn":[0.361563222],"iteration":209,"passed_time":2.411289254,"remaining_time":9.071040525},
{"learn":[0.3613921519],"iteration":210,"passed_time":2.422110007,"remaining_time":9.05708434},
{"learn":[0.3612084621],"iteration":211,"passed_time":2.433019386,"remaining_time":9.043487153},
{"learn":[0.3610985307],"iteration":212,"passed_time":2.44335226,"remaining_time":9.027785111},
{"learn":[0.3609837899],"iteration":213,"passed_time":2.454609509,"remaining_time":9.015528384},
{"learn":[0.360832124],"iteration":214,"passed_time":2.465401024,"remaining_time":9.001580484},
{"learn":[0.3607153814],"iteration":215,"passed_time":2.476499223,"remaining_time":8.988774957},
{"learn":[0.3605687057],"iteration":216,"passed_time":2.487185142,"remaining_time":8.97449754},
{"learn":[0.360469343],"iteration":217,"passed_time":2.498460507,"remaining_time":8.962367508},
{"learn":[0.3602871407],"iteration":218,"passed_time":2.509362255,"remaining_time":8.948912883},
{"learn":[0.3601014394],"iteration":219,"passed_time":2.519788257,"remaining_time":8.933794731},
{"learn":[0.359962904],"iteration":220,"passed_time":2.530479995,"remaining_time":8.919655729},
{"learn":[0.3598691367],"iteration":221,"passed_time":2.54082965,"remaining_time":8.904348955},
{"learn":[0.3596990572],"iteration":222,"passed_time":2.552272924,"remaining_time":8.89289714},
{"learn":[0.3595587033],"iteration":223,"passed_time":2.563134568,"remaining_time":8.879430469},
{"learn":[0.3590528702],"iteration":224,"passed_time":2.573963632,"remaining_time":8.865874732},
{"learn":[0.3589260969],"iteration":225,"passed_time":2.584553843,"remaining_time":8.851525108},
{"learn":[0.358737088],"iteration":226,"passed_time":2.595104845,"remaining_time":8.83707509},
{"learn":[0.3586012234],"iteration":227,"passed_time":2.606936276,"remaining_time":8.826994759},
{"learn":[0.3583242602],"iteration":228,"passed_time":2.617000128,"remaining_time":8.81094803},
{"learn":[0.3581780817],"iteration":229,"passed_time":2.627859612,"remaining_time":8.797616961},
{"learn":[0.3580443967],"iteration":230,"passed_time":2.637598935,"remaining_time":8.780578271},
{"learn":[0.357916788],"iteration":231,"passed_time":2.648558681,"remaining_time":8.767642531},
{"learn":[0.3577971673],"iteration":232,"passed_time":2.659565658,"remaining_time":8.754879227},
{"learn":[0.3577286649],"iteration":233,"passed_time":2.669893793,"remaining_time":8.739908743},
{"learn":[0.3575890195],"iteration":234,"passed_time":2.681597255,"remaining_time":8.729454895},
{"learn":[0.3574104013],"iteration":235,"passed_time":2.693130097,"remaining_time":8.718438111},
{"learn":[0.3572807819],"iteration":236,"passed_time":2.705147578,"remaining_time":8.708977225},
{"learn":[0.3571264568],"iteration":237,"passed_time":2.717338672,"remaining_time":8.700050706},
{"learn":[0.3569935542],"iteration":238,"passed_time":2.728544165,"remaining_time":8.687958619},
{"learn":[0.3569136072],"iteration":239,"passed_time":2.739526456,"remaining_time":8.675167111},
{"learn":[0.356793692],"iteration":240,"passed_time":2.751028457,"remaining_time":8.66402738},
{"learn":[0.3566890675],"iteration":241,"passed_time":2.761981154,"remaining_time":8.651164111},
{"learn":[0.3565946459],"iteration":242,"passed_time":2.774753487,"remaining_time":8.643985143},
{"learn":[0.3564320279],"iteration":243,"passed_time":2.786354785,"remaining_time":8.633132038},
{"learn":[0.356339292],"iteration":244,"passed_time":2.799227417,"remaining_time":8.626190612},
{"learn":[0.3561462223],"iteration":245,"passed_time":2.81020876,"remaining_time":8.613404086},
{"learn":[0.3560170557],"iteration":246,"passed_time":2.824248603,"remaining_time":8.609956266},
{"learn":[0.3558775889],"iteration":247,"passed_time":2.840362653,"remaining_time":8.612712562},
{"learn":[0.355751972],"iteration":248,"passed_time":2.851954898,"remaining_time":8.601679231},
{"learn":[0.3556226175],"iteration":249,"passed_time":2.864755099,"remaining_time":8.594265296},
{"learn":[0.3554849391],"iteration":250,"passed_time":2.875556915,"remaining_time":8.580845137},
{"learn":[0.3553603535],"iteration":251,"passed_time":2.886578028,"remaining_time":8.568096686},
{"learn":[0.3552548097],"iteration":252,"passed_time":2.899303271,"remaining_time":8.560393453},
{"learn":[0.3551182266],"iteration":253,"passed_time":2.910749548,"remaining_time":8.54889434},
{"learn":[0.3550126056],"iteration":254,"passed_time":2.922220486,"remaining_time":8.537467696},
{"learn":[0.3548564689],"iteration":255,"passed_time":2.937341593,"remaining_time":8.536649004},
{"learn":[0.3546689131],"iteration":256,"passed_time":2.949062464,"remaining_time":8.525888757},
{"learn":[0.3545226938],"iteration":257,"passed_time":2.959316687,"remaining_time":8.510903031},
{"learn":[0.3544123653],"iteration":258,"passed_time":2.970276249,"remaining_time":8.497971817},
{"learn":[0.3542925843],"iteration":259,"passed_time":2.981148492,"remaining_time":8.484807246},
{"learn":[0.3541692266],"iteration":260,"passed_time":2.992768742,"remaining_time":8.473778162},
{"learn":[0.3540344176],"iteration":261,"passed_time":3.004240338,"remaining_time":8.462325838},
{"learn":[0.3539119387],"iteration":262,"passed_time":3.015102379,"remaining_time":8.449165221},
{"learn":[0.3537983418],"iteration":263,"passed_time":3.025698949,"remaining_time":8.43528192},
{"learn":[0.3536967751],"iteration":264,"passed_time":3.03624375,"remaining_time":8.421279836},
{"learn":[0.3534898146],"iteration":265,"passed_time":3.047731307,"remaining_time":8.409905186},
{"learn":[0.3534073972],"iteration":266,"passed_time":3.058663432,"remaining_time":8.397004853},
{"learn":[0.3532420637],"iteration":267,"passed_time":3.070787254,"remaining_time":8.387374142},
{"learn":[0.3531575809],"iteration":268,"passed_time":3.081990564,"remaining_time":8.375223429},
{"learn":[0.3530711673],"iteration":269,"passed_time":3.092868819,"remaining_time":8.362200881},
{"learn":[0.3525685542],"iteration":270,"passed_time":3.104843246,"remaining_time":8.352142903},
{"learn":[0.3524266806],"iteration":271,"passed_time":3.116348374,"remaining_time":8.340814767},
{"learn":[0.3522637449],"iteration":272,"passed_time":3.12711535,"remaining_time":8.327519632},
{"learn":[0.3521183108],"iteration":273,"passed_time":3.138476066,"remaining_time":8.315816145},
{"learn":[0.3517870904],"iteration":274,"passed_time":3.165746255,"remaining_time":8.346058309},
{"learn":[0.3514631609],"iteration":275,"passed_time":3.176868535,"remaining_time":8.333524707},
{"learn":[0.3513625242],"iteration":276,"passed_time":3.191045483,"remaining_time":8.328974311},
{"learn":[0.3509506529],"iteration":277,"passed_time":3.201869325,"remaining_time":8.315646232},
{"learn":[0.3508490292],"iteration":278,"passed_time":3.213752359,"remaining_time":8.3050733},
{"learn":[0.3506981696],"iteration":279,"passed_time":3.226996175,"remaining_time":8.297990164},
{"learn":[0.3505882783],"iteration":280,"passed_time":3.239377758,"remaining_time":8.288656969},
{"learn":[0.3504380865],"iteration":281,"passed_time":3.251884372,"remaining_time":8.279620492},
{"learn":[0.3503253987],"iteration":282,"passed_time":3.264993441,"remaining_time":8.272085857},
{"learn":[0.3501356517],"iteration":283,"passed_time":3.279350324,"remaining_time":8.26765786},
{"learn":[0.3499899477],"iteration":284,"passed_time":3.290780065,"remaining_time":8.255816654},
{"learn":[0.3498402392],"iteration":285,"passed_time":3.302314267,"remaining_time":8.244239114},
{"learn":[0.3497130817],"iteration":286,"passed_time":3.313998601,"remaining_time":8.233034852},
{"learn":[0.3495616952],"iteration":287,"passed_time":3.325772721,"remaining_time":8.222049228},
{"learn":[0.3494540915],"iteration":288,"passed_time":3.337539901,"remaining_time":8.21104107},
{"learn":[0.3493372204],"iteration":289,"passed_time":3.349708871,"remaining_time":8.201011375},
{"learn":[0.3491649146],"iteration":290,"passed_time":3.361571993,"remaining_time":8.190221797},
{"learn":[0.3490118174],"iteration":291,"passed_time":3.373337298,"remaining_time":8.179187694},
{"learn":[0.3487810838],"iteration":292,"passed_time":3.385188964,"remaining_time":8.168356988},
{"learn":[0.3486390713],"iteration":293,"passed_time":3.397616715,"remaining_time":8.158902724},
{"learn":[0.3485137562],"iteration":294,"passed_time":3.40911802,"remaining_time":8.147214251},
{"learn":[0.3483789205],"iteration":295,"passed_time":3.421178398,"remaining_time":8.136856731},
{"learn":[0.3482445491],"iteration":296,"passed_time":3.433790683,"remaining_time":8.127794109},
{"learn":[0.3481252165],"iteration":297,"passed_time":3.444974784,"remaining_time":8.115343284},
{"learn":[0.3478679323],"iteration":298,"passed_time":3.455956239,"remaining_time":8.102425831},
{"learn":[0.3477007891],"iteration":299,"passed_time":3.466309583,"remaining_time":8.088055693},
{"learn":[0.34742904],"iteration":300,"passed_time":3.478301304,"remaining_time":8.077516981},
{"learn":[0.3472655921],"iteration":301,"passed_time":3.489217789,"remaining_time":8.0644835},
{"learn":[0.3471983972],"iteration":302,"passed_time":3.500073541,"remaining_time":8.051324285},
{"learn":[0.346968386],"iteration":303,"passed_time":3.511202308,"remaining_time":8.038805285},
{"learn":[0.3468623365],"iteration":304,"passed_time":3.522987211,"remaining_time":8.02779053},
{"learn":[0.3466995276],"iteration":305,"passed_time":3.534307051,"remaining_time":8.015715992},
{"learn":[0.3465621621],"iteration":306,"passed_time":3.546565944,"remaining_time":8.00576612},
{"learn":[0.3464595447],"iteration":307,"passed_time":3.558993819,"remaining_time":7.996180917},
{"learn":[0.3463272108],"iteration":308,"passed_time":3.570415614,"remaining_time":7.984327473},
{"learn":[0.3462282964],"iteration":309,"passed_time":3.581624179,"remaining_time":7.972002204},
{"learn":[0.3461259087],"iteration":310,"passed_time":3.593650292,"remaining_time":7.961495341},
{"learn":[0.3459906784],"iteration":311,"passed_time":3.605521569,"remaining_time":7.950637307},
{"learn":[0.3458968389],"iteration":312,"passed_time":3.616169002,"remaining_time":7.937086596},
{"learn":[0.3457294293],"iteration":313,"passed_time":3.628187902,"remaining_time":7.926550639},
{"learn":[0.3455513788],"iteration":314,"passed_time":3.639211699,"remaining_time":7.913841314},
{"learn":[0.3453712637],"iteration":315,"passed_time":3.65044057,"remaining_time":7.901586549},
{"learn":[0.3452377757],"iteration":316,"passed_time":3.662074912,"remaining_time":7.890211876},
{"learn":[0.3450914412],"iteration":317,"passed_time":3.674339093,"remaining_time":7.880186357},
{"learn":[0.3449393719],"iteration":318,"passed_time":3.685220869,"remaining_time":7.867195647},
{"learn":[0.3447760051],"iteration":319,"passed_time":3.695501493,"remaining_time":7.852940672},
{"learn":[0.3446645207],"iteration":320,"passed_time":3.706489903,"remaining_time":7.840207613},
{"learn":[0.3445157118],"iteration":321,"passed_time":3.717725832,"remaining_time":7.828006565},
{"learn":[0.3443866495],"iteration":322,"passed_time":3.727624029,"remaining_time":7.813007641},
{"learn":[0.3442778607],"iteration":323,"passed_time":3.739528225,"remaining_time":7.802225555},
{"learn":[0.3441524547],"iteration":324,"passed_time":3.752582849,"remaining_time":7.793825916},
{"learn":[0.3439938309],"iteration":325,"passed_time":3.768534033,"remaining_time":7.791386314},
{"learn":[0.3438267948],"iteration":326,"passed_time":3.786050411,"remaining_time":7.792085402},
{"learn":[0.3436684999],"iteration":327,"passed_time":3.809549347,"remaining_time":7.80493037},
{"learn":[0.3435161644],"iteration":328,"passed_time":3.831136581,"remaining_time":7.813655459},
{"learn":[0.3434252667],"iteration":329,"passed_time":3.855372303,"remaining_time":7.82757407},
{"learn":[0.3432851748],"iteration":330,"passed_time":3.872319774,"remaining_time":7.826531506},
{"learn":[0.3431892581],"iteration":331,"passed_time":3.888808355,"remaining_time":7.824469823},
{"learn":[0.343047737],"iteration":332,"passed_time":3.909420378,"remaining_time":7.830580757},
{"learn":[0.342908335],"iteration":333,"passed_time":3.925324579,"remaining_time":7.82714422},
{"learn":[0.3427544568],"iteration":334,"passed_time":3.940940726,"remaining_time":7.823061442},
{"learn":[0.3426192017],"iteration":335,"passed_time":3.952713923,"remaining_time":7.81131561},
{"learn":[0.3424453921],"iteration":336,"passed_time":3.968430485,"remaining_time":7.807327631},
{"learn":[0.3423765301],"iteration":337,"passed_time":3.981391802,"remaining_time":7.797873884},
{"learn":[0.3422138082],"iteration":338,"passed_time":3.998966464,"remaining_time":7.797394786},
{"learn":[0.3420710556],"iteration":339,"passed_time":4.01981731,"remaining_time":7.803174777},
{"learn":[0.3419483992],"iteration":340,"passed_time":4.045548723,"remaining_time":7.818230524},
{"learn":[0.3418283115],"iteration":341,"passed_time":4.062591389,"remaining_time":7.816330801},
{"learn":[0.3416925141],"iteration":342,"passed_time":4.08321593,"remaining_time":7.821203691},
{"learn":[0.3415745533],"iteration":343,"passed_time":4.103571609,"remaining_time":7.825415626},
{"learn":[0.3414902997],"iteration":344,"passed_time":4.118739082,"remaining_time":7.819635068},
{"learn":[0.3413319492],"iteration":345,"passed_time":4.134590653,"remaining_time":7.815093315},
{"learn":[0.3412207045],"iteration":346,"passed_time":4.149536933,"remaining_time":7.808782759},
{"learn":[0.341066002],"iteration":347,"passed_time":4.167219791,"remaining_time":7.807549724},
{"learn":[0.3409188072],"iteration":348,"passed_time":4.18413266,"remaining_time":7.804786137},
{"learn":[0.3407675101],"iteration":349,"passed_time":4.19968087,"remaining_time":7.799407329},
{"learn":[0.3405165607],"iteration":350,"passed_time":4.208915607,"remaining_time":7.782296949},
{"learn":[0.3403767478],"iteration":351,"passed_time":4.221165062,"remaining_time":7.770781137},
{"learn":[0.3402483668],"iteration":352,"passed_time":4.236983175,"remaining_time":7.765802024},
{"learn":[0.3400973763],"iteration":353,"passed_time":4.253003287,"remaining_time":7.761130291},
{"learn":[0.3399740268],"iteration":354,"passed_time":4.268571129,"remaining_time":7.755572896},
{"learn":[0.3398544595],"iteration":355,"passed_time":4.282215464,"remaining_time":7.74647966},
{"learn":[0.3397473645],"iteration":356,"passed_time":4.293998904,"remaining_time":7.73400923},
{"learn":[0.3395797978],"iteration":357,"passed_time":4.306164492,"remaining_time":7.722227943},
{"learn":[0.339436549],"iteration":358,"passed_time":4.317393623,"remaining_time":7.708772458},
{"learn":[0.3393210021],"iteration":359,"passed_time":4.328651362,"remaining_time":7.695380199},
{"learn":[0.3391752965],"iteration":360,"passed_time":4.343672435,"remaining_time":7.68866118},
{"learn":[0.3391010648],"iteration":361,"passed_time":4.355845849,"remaining_time":7.67687749},
{"learn":[0.3389888188],"iteration":362,"passed_time":4.368563653,"remaining_time":7.666046961},
{"learn":[0.3388457718],"iteration":363,"passed_time":4.382495784,"remaining_time":7.657327798},
{"learn":[0.3387111296],"iteration":364,"passed_time":4.394728792,"remaining_time":7.645624063},
{"learn":[0.3385971974],"iteration":365,"passed_time":4.40622979,"remaining_time":7.632649418},
{"learn":[0.338467212],"iteration":366,"passed_time":4.420363618,"remaining_time":7.624223897},
{"learn":[0.33832569],"iteration":367,"passed_time":4.433169426,"remaining_time":7.613486624},
{"learn":[0.3381932624],"iteration":368,"passed_time":4.445503978,"remaining_time":7.601932277},
{"learn":[0.338092282],"iteration":369,"passed_time":4.458076311,"remaining_time":7.590778583},
{"learn":[0.3379694284],"iteration":370,"passed_time":4.470266543,"remaining_time":7.578969421},
{"learn":[0.3378463456],"iteration":371,"passed_time":4.481579741,"remaining_time":7.565677627},
{"learn":[0.3377290008],"iteration":372,"passed_time":4.492559965,"remaining_time":7.551836724},
{"learn":[0.3376375654],"iteration":373,"passed_time":4.502683525,"remaining_time":7.536577237},
{"learn":[0.3374978286],"iteration":374,"passed_time":4.513733113,"remaining_time":7.522888522},
{"learn":[0.3373717609],"iteration":375,"passed_time":4.524214596,"remaining_time":7.508271031},
{"learn":[0.3372224826],"iteration":376,"passed_time":4.535801547,"remaining_time":7.495502291},
{"learn":[0.337101439],"iteration":377,"passed_time":4.546085148,"remaining_time":7.480595137},
{"learn":[0.3369486122],"iteration":378,"passed_time":4.557767647,"remaining_time":7.468004509},
{"learn":[0.3368540757],"iteration":379,"passed_time":4.569562184,"remaining_time":7.455601458},
{"learn":[0.3367540361],"iteration":380,"passed_time":4.582112792,"remaining_time":7.444429969},
{"learn":[0.3366832835],"iteration":381,"passed_time":4.593847614,"remaining_time":7.43193148},
{"learn":[0.3365628352],"iteration":382,"passed_time":4.60714282,"remaining_time":7.421950705},
{"learn":[0.3364470107],"iteration":383,"passed_time":4.622412623,"remaining_time":7.41512025},
{"learn":[0.3363589462],"iteration":384,"passed_time":4.636840494,"remaining_time":7.406901049},
{"learn":[0.3362244766],"iteration":385,"passed_time":4.65398202,"remaining_time":7.402966219},
{"learn":[0.3361220402],"iteration":386,"passed_time":4.667900807,"remaining_time":7.393858384},
{"learn":[0.3359854402],"iteration":387,"passed_time":4.680531953,"remaining_time":7.38269473},
{"learn":[0.3358493046],"iteration":388,"passed_time":4.692175823,"remaining_time":7.369972823},
{"learn":[0.3357264527],"iteration":389,"passed_time":4.702867866,"remaining_time":7.355767688},
{"learn":[0.3355838381],"iteration":390,"passed_time":4.713547593,"remaining_time":7.341561341},
{"learn":[0.3354635484],"iteration":391,"passed_time":4.723156426,"remaining_time":7.325712007},
{"learn":[0.3352861222],"iteration":392,"passed_time":4.733980664,"remaining_time":7.311771662},
{"learn":[0.3351591989],"iteration":393,"passed_time":4.744040927,"remaining_time":7.296672085},
{"learn":[0.3350501078],"iteration":394,"passed_time":4.752578733,"remaining_time":7.279266161},
{"learn":[0.3349335579],"iteration":395,"passed_time":4.763656259,"remaining_time":7.265778738},
{"learn":[0.3348137111],"iteration":396,"passed_time":4.773523324,"remaining_time":7.250464897},
{"learn":[0.3347267478],"iteration":397,"passed_time":4.785183117,"remaining_time":7.237890042},
{"learn":[0.3345742855],"iteration":398,"passed_time":4.79520269,"remaining_time":7.222849164},
{"learn":[0.3344665051],"iteration":399,"passed_time":4.805640449,"remaining_time":7.208460673},
{"learn":[0.3343482761],"iteration":400,"passed_time":4.815122605,"remaining_time":7.19266444},
{"learn":[0.3342200203],"iteration":401,"passed_time":4.825921802,"remaining_time":7.1788588},
{"learn":[0.3341511984],"iteration":402,"passed_time":4.835128599,"remaining_time":7.162709115},
{"learn":[0.3340573098],"iteration":403,"passed_time":4.844299365,"remaining_time":7.146540647},
{"learn":[0.3339225981],"iteration":404,"passed_time":4.85653576,"remaining_time":7.134910561},
{"learn":[0.3337882318],"iteration":405,"passed_time":4.866786058,"remaining_time":7.120371721},
{"learn":[0.3336776033],"iteration":406,"passed_time":4.877796513,"remaining_time":7.106961505},
{"learn":[0.3335108011],"iteration":407,"passed_time":4.889084952,"remaining_time":7.093966401},
{"learn":[0.3334069478],"iteration":408,"passed_time":4.899915248,"remaining_time":7.080317632},
{"learn":[0.3332882092],"iteration":409,"passed_time":4.910240754,"remaining_time":7.065956207},
{"learn":[0.3331924202],"iteration":410,"passed_time":4.91982208,"remaining_time":7.050547945},
{"learn":[0.333083303],"iteration":411,"passed_time":4.929029124,"remaining_time":7.034633798},
{"learn":[0.3329670739],"iteration":412,"passed_time":4.93791686,"remaining_time":7.018298297},
{"learn":[0.3328734596],"iteration":413,"passed_time":4.947329837,"remaining_time":7.002742233},
{"learn":[0.3327530681],"iteration":414,"passed_time":4.955700673,"remaining_time":6.985746731},
{"learn":[0.3326773868],"iteration":415,"passed_time":4.965190543,"remaining_time":6.970363646},
{"learn":[0.3325941329],"iteration":416,"passed_time":4.976132897,"remaining_time":6.957039518},
{"learn":[0.3324506133],"iteration":417,"passed_time":4.986596661,"remaining_time":6.943060423},
{"learn":[0.3323055474],"iteration":418,"passed_time":4.996777431,"remaining_time":6.928705697},
{"learn":[0.3321753236],"iteration":419,"passed_time":5.00744732,"remaining_time":6.915046299},
{"learn":[0.3320192977],"iteration":420,"passed_time":5.01673794,"remaining_time":6.899504197},
{"learn":[0.3319132575],"iteration":421,"passed_time":5.026085891,"remaining_time":6.884070248},
{"learn":[0.3318362214],"iteration":422,"passed_time":5.034302037,"remaining_time":6.867121218},
{"learn":[0.3317201004],"iteration":423,"passed_time":5.043367091,"remaining_time":6.851366614},
{"learn":[0.3316016436],"iteration":424,"passed_time":5.054099174,"remaining_time":6.837898882},
{"learn":[0.3315191288],"iteration":425,"passed_time":5.064383682,"remaining_time":6.823840924},
{"learn":[0.3313920996],"iteration":426,"passed_time":5.073738832,"remaining_time":6.808553515},
{"learn":[0.3312941588],"iteration":427,"passed_time":5.082510303,"remaining_time":6.792513769},
{"learn":[0.3311718131],"iteration":428,"passed_time":5.091532107,"remaining_time":6.776841103},
{"learn":[0.33106715],"iteration":429,"passed_time":5.101996133,"remaining_time":6.763111153},
{"learn":[0.3309920049],"iteration":430,"passed_time":5.11110976,"remaining_time":6.747613581},
{"learn":[0.3308888245],"iteration":431,"passed_time":5.120323571,"remaining_time":6.732277288},
{"learn":[0.3307894404],"iteration":432,"passed_time":5.129680771,"remaining_time":6.717157038},
{"learn":[0.3305589236],"iteration":433,"passed_time":5.138964466,"remaining_time":6.701967483},
{"learn":[0.3304496312],"iteration":434,"passed_time":5.147487311,"remaining_time":6.685816852},
{"learn":[0.3303514666],"iteration":435,"passed_time":5.157279953,"remaining_time":6.671343792},
{"learn":[0.3302374244],"iteration":436,"passed_time":5.166797994,"remaining_time":6.656538376},
{"learn":[0.3301199284],"iteration":437,"passed_time":5.176077045,"remaining_time":6.641450455},
{"learn":[0.3300070579],"iteration":438,"passed_time":5.185823584,"remaining_time":6.626986403},
{"learn":[0.3299109187],"iteration":439,"passed_time":5.195167013,"remaining_time":6.612030744},
{"learn":[0.329835937],"iteration":440,"passed_time":5.204170247,"remaining_time":6.596669316},
{"learn":[0.3297124257],"iteration":441,"passed_time":5.213548576,"remaining_time":6.581810194},
{"learn":[0.329632338],"iteration":442,"passed_time":5.221301809,"remaining_time":6.564932522},
{"learn":[0.3295539057],"iteration":443,"passed_time":5.229290486,"remaining_time":6.548390788},
{"learn":[0.3294558919],"iteration":444,"passed_time":5.238886651,"remaining_time":6.53389234},
{"learn":[0.3293686671],"iteration":445,"passed_time":5.249071336,"remaining_time":6.520146906},
{"learn":[0.3292697549],"iteration":446,"passed_time":5.258872189,"remaining_time":6.505942552},
{"learn":[0.3291293018],"iteration":447,"passed_time":5.268743696,"remaining_time":6.491844911},
{"learn":[0.32905043],"iteration":448,"passed_time":5.279552736,"remaining_time":6.478916609},
{"learn":[0.3289591973],"iteration":449,"passed_time":5.306608707,"remaining_time":6.485855086},
{"learn":[0.3288779728],"iteration":450,"passed_time":5.329481721,"remaining_time":6.48755092},
{"learn":[0.3287715186],"iteration":451,"passed_time":5.34445741,"remaining_time":6.479563408},
{"learn":[0.328637929],"iteration":452,"passed_time":5.355409351,"remaining_time":6.466686347},
{"learn":[0.3285345829],"iteration":453,"passed_time":5.366950816,"remaining_time":6.454526753},
{"learn":[0.3284068792],"iteration":454,"passed_time":5.377716985,"remaining_time":6.441441224},
{"learn":[0.3282981119],"iteration":455,"passed_time":5.389479135,"remaining_time":6.429554056},
{"learn":[0.3281527213],"iteration":456,"passed_time":5.399776349,"remaining_time":6.415926822},
{"learn":[0.3280309123],"iteration":457,"passed_time":5.410785878,"remaining_time":6.403157087},
{"learn":[0.3279249967],"iteration":458,"passed_time":5.420640909,"remaining_time":6.389034275},
{"learn":[0.327831819],"iteration":459,"passed_time":5.432117484,"remaining_time":6.376833568},
{"learn":[0.3277574252],"iteration":460,"passed_time":5.443127228,"remaining_time":6.364090187},
{"learn":[0.3276906795],"iteration":461,"passed_time":5.454604655,"remaining_time":6.351898927},
{"learn":[0.327555914],"iteration":462,"passed_time":5.465441413,"remaining_time":6.338967686},
{"learn":[0.327454487],"iteration":463,"passed_time":5.475759205,"remaining_time":6.325445978},
{"learn":[0.327359179],"iteration":464,"passed_time":5.485215324,"remaining_time":6.310946664},
{"learn":[0.3272700069],"iteration":465,"passed_time":5.495068134,"remaining_time":6.29692357},
{"learn":[0.3271668063],"iteration":466,"passed_time":5.505615974,"remaining_time":6.283711594},
{"learn":[0.32707974],"iteration":467,"passed_time":5.514925426,"remaining_time":6.269103262},
{"learn":[0.3269719386],"iteration":468,"passed_time":5.524320269,"remaining_time":6.254614207},
{"learn":[0.3268603257],"iteration":469,"passed_time":5.53352848,"remaining_time":6.239936371},
{"learn":[0.3268016729],"iteration":470,"passed_time":5.543011473,"remaining_time":6.225590381},
{"learn":[0.3267066454],"iteration":471,"passed_time":5.552984967,"remaining_time":6.211813692},
{"learn":[0.3266051554],"iteration":472,"passed_time":5.561950374,"remaining_time":6.196929909},
{"learn":[0.3265136664],"iteration":473,"passed_time":5.572459749,"remaining_time":6.183784447},
{"learn":[0.3264009987],"iteration":474,"passed_time":5.583993971,"remaining_time":6.17178281},
{"learn":[0.3263056545],"iteration":475,"passed_time":5.592830966,"remaining_time":6.15681392},
{"learn":[0.3261926822],"iteration":476,"passed_time":5.602862261,"remaining_time":6.143180215},
{"learn":[0.3261119718],"iteration":477,"passed_time":5.612672163,"remaining_time":6.12931981},
{"learn":[0.3260002938],"iteration":478,"passed_time":5.621084955,"remaining_time":6.113956705},
{"learn":[0.3258957689],"iteration":479,"passed_time":5.631677744,"remaining_time":6.100984223},
{"learn":[0.3257427072],"iteration":480,"passed_time":5.642886386,"remaining_time":6.088686142},
{"learn":[0.3256382581],"iteration":481,"passed_time":5.652136143,"remaining_time":6.07428739},
{"learn":[0.3255550674],"iteration":482,"passed_time":5.662201721,"remaining_time":6.060783209},
{"learn":[0.3254643684],"iteration":483,"passed_time":5.672184737,"remaining_time":6.047205215},
{"learn":[0.3253481315],"iteration":484,"passed_time":5.682264121,"remaining_time":6.033744376},
{"learn":[0.3252307225],"iteration":485,"passed_time":5.693143542,"remaining_time":6.021143582},
{"learn":[0.3251432227],"iteration":486,"passed_time":5.703548001,"remaining_time":6.008049537},
{"learn":[0.3250415425],"iteration":487,"passed_time":5.714507806,"remaining_time":5.995549174},
{"learn":[0.3249265587],"iteration":488,"passed_time":5.723750478,"remaining_time":5.981260724},
{"learn":[0.3247754544],"iteration":489,"passed_time":5.732407049,"remaining_time":5.966382847},
{"learn":[0.3246932533],"iteration":490,"passed_time":5.741455788,"remaining_time":5.951936856},
{"learn":[0.3246095592],"iteration":491,"passed_time":5.75160318,"remaining_time":5.938647185},
{"learn":[0.3245154173],"iteration":492,"passed_time":5.758355517,"remaining_time":5.921878798},
{"learn":[0.3244285635],"iteration":493,"passed_time":5.76874638,"remaining_time":5.908877871},
{"learn":[0.3243128389],"iteration":494,"passed_time":5.778456932,"remaining_time":5.895193436},
{"learn":[0.3242316758],"iteration":495,"passed_time":5.787242713,"remaining_time":5.880585337},
{"learn":[0.3241479724],"iteration":496,"passed_time":5.797368323,"remaining_time":5.867356673},
{"learn":[0.3240462071],"iteration":497,"passed_time":5.807280227,"remaining_time":5.853925048},
{"learn":[0.3239384954],"iteration":498,"passed_time":5.816521554,"remaining_time":5.839834265},
{"learn":[0.3238703015],"iteration":499,"passed_time":5.82579136,"remaining_time":5.82579136},
{"learn":[0.3237292244],"iteration":500,"passed_time":5.836080728,"remaining_time":5.812783001},
{"learn":[0.3236008439],"iteration":501,"passed_time":5.843126508,"remaining_time":5.796567731},
{"learn":[0.3234844859],"iteration":502,"passed_time":5.850314118,"remaining_time":5.780529059},
{"learn":[0.3234181464],"iteration":503,"passed_time":5.859046464,"remaining_time":5.766045727},
{"learn":[0.3232935656],"iteration":504,"passed_time":5.869349509,"remaining_time":5.753124766},
{"learn":[0.323169779],"iteration":505,"passed_time":5.879241287,"remaining_time":5.739812639},
{"learn":[0.3230777289],"iteration":506,"passed_time":5.888937526,"remaining_time":5.726323866},
{"learn":[0.3229403496],"iteration":507,"passed_time":5.898809468,"remaining_time":5.713020194},
{"learn":[0.3228647218],"iteration":508,"passed_time":5.907169913,"remaining_time":5.698271959},
{"learn":[0.3227598356],"iteration":509,"passed_time":5.916083891,"remaining_time":5.684080601},
{"learn":[0.3226212358],"iteration":510,"passed_time":5.925539635,"remaining_time":5.670428339},
{"learn":[0.3225068964],"iteration":511,"passed_time":5.934922815,"remaining_time":5.656723308},
{"learn":[0.3224318458],"iteration":512,"passed_time":5.943699095,"remaining_time":5.642458985},
{"learn":[0.3223366469],"iteration":513,"passed_time":5.951845125,"remaining_time":5.627620099},
{"learn":[0.3222141918],"iteration":514,"passed_time":5.962815369,"remaining_time":5.615466901},
{"learn":[0.3221057052],"iteration":515,"passed_time":5.973646984,"remaining_time":5.603188256},
{"learn":[0.3219887672],"iteration":516,"passed_time":5.982745058,"remaining_time":5.589295673},
{"learn":[0.3218869215],"iteration":517,"passed_time":5.991452736,"remaining_time":5.575058337},
{"learn":[0.3217328558],"iteration":518,"passed_time":6.001159797,"remaining_time":5.561768521},
{"learn":[0.3216720171],"iteration":519,"passed_time":6.011709296,"remaining_time":5.54927012},
{"learn":[0.3216181171],"iteration":520,"passed_time":6.020903381,"remaining_time":5.535533051},
{"learn":[0.3214930096],"iteration":521,"passed_time":6.031898093,"remaining_time":5.523462238},
{"learn":[0.3213648299],"iteration":522,"passed_time":6.04182681,"remaining_time":5.510423304},
{"learn":[0.3212377825],"iteration":523,"passed_time":6.051193798,"remaining_time":5.496885969},
{"learn":[0.3211680317],"iteration":524,"passed_time":6.061316824,"remaining_time":5.484048555},
{"learn":[0.3210348518],"iteration":525,"passed_time":6.072064428,"remaining_time":5.471784295},
{"learn":[0.3209485482],"iteration":526,"passed_time":6.082042066,"remaining_time":5.458834719},
{"learn":[0.3207679161],"iteration":527,"passed_time":6.093778869,"remaining_time":5.447468989},
{"learn":[0.3207074757],"iteration":528,"passed_time":6.103410919,"remaining_time":5.43422787},
{"learn":[0.3205726354],"iteration":529,"passed_time":6.111638645,"remaining_time":5.419755025},
{"learn":[0.3204950063],"iteration":530,"passed_time":6.121234074,"remaining_time":5.406513712},
{"learn":[0.3203885888],"iteration":531,"passed_time":6.131156445,"remaining_time":5.393573715},
{"learn":[0.3202932226],"iteration":532,"passed_time":6.141321897,"remaining_time":5.380858023},
{"learn":[0.3201872908],"iteration":533,"passed_time":6.152985771,"remaining_time":5.369459493},
{"learn":[0.320094918],"iteration":534,"passed_time":6.163225242,"remaining_time":5.356821939},
{"learn":[0.3200239329],"iteration":535,"passed_time":6.172055778,"remaining_time":5.342973658},
{"learn":[0.3199375043],"iteration":536,"passed_time":6.181938051,"remaining_time":5.33005087},
{"learn":[0.3198176671],"iteration":537,"passed_time":6.191803109,"remaining_time":5.317124603},
{"learn":[0.319732109],"iteration":538,"passed_time":6.199721724,"remaining_time":5.302544925},
{"learn":[0.319626884],"iteration":539,"passed_time":6.209255292,"remaining_time":5.289365619},
{"learn":[0.3195345446],"iteration":540,"passed_time":6.217794298,"remaining_time":5.275355976},
{"learn":[0.3194198949],"iteration":541,"passed_time":6.224361358,"remaining_time":5.259700188},
{"learn":[0.3192967222],"iteration":542,"passed_time":6.232694033,"remaining_time":5.245563855},
{"learn":[0.3191990763],"iteration":543,"passed_time":6.243258514,"remaining_time":5.233319637},
{"learn":[0.3191067309],"iteration":544,"passed_time":6.253307838,"remaining_time":5.220651498},
{"learn":[0.3190284832],"iteration":545,"passed_time":6.263249185,"remaining_time":5.207903169},
{"learn":[0.3189457532],"iteration":546,"passed_time":6.272228917,"remaining_time":5.194368737},
{"learn":[0.3188541357],"iteration":547,"passed_time":6.282041425,"remaining_time":5.181537818},
{"learn":[0.318769294],"iteration":548,"passed_time":6.291766763,"remaining_time":5.168646284},
{"learn":[0.3186172305],"iteration":549,"passed_time":6.303947457,"remaining_time":5.157775192},
{"learn":[0.3185437915],"iteration":550,"passed_time":6.314773628,"remaining_time":5.14579557},
{"learn":[0.3184224621],"iteration":551,"passed_time":6.325474063,"remaining_time":5.13371808},
{"learn":[0.3183315931],"iteration":552,"passed_time":6.335884814,"remaining_time":5.121411414},
{"learn":[0.3182699502],"iteration":553,"passed_time":6.346532293,"remaining_time":5.109302171},
{"learn":[0.318173334],"iteration":554,"passed_time":6.356254745,"remaining_time":5.096456508},
{"learn":[0.3180942388],"iteration":555,"passed_time":6.368723102,"remaining_time":5.085814851},
{"learn":[0.317937391],"iteration":556,"passed_time":6.380797169,"remaining_time":5.074853045},
{"learn":[0.3178386085],"iteration":557,"passed_time":6.391507442,"remaining_time":5.06280697},
{"learn":[0.3177179014],"iteration":558,"passed_time":6.403657844,"remaining_time":5.051901806},
{"learn":[0.3176465822],"iteration":559,"passed_time":6.416190305,"remaining_time":5.041292383},
{"learn":[0.317518648],"iteration":560,"passed_time":6.427448522,"remaining_time":5.029678968},
{"learn":[0.3174598027],"iteration":561,"passed_time":6.436097154,"remaining_time":5.016033013},
{"learn":[0.3173538544],"iteration":562,"passed_time":6.446763973,"remaining_time":5.003971326},
{"learn":[0.317276579],"iteration":563,"passed_time":6.455410097,"remaining_time":4.990352486},
{"learn":[0.317180198],"iteration":564,"passed_time":6.463691147,"remaining_time":4.976470175},
{"learn":[0.3170765909],"iteration":565,"passed_time":6.473250774,"remaining_time":4.96358805},
{"learn":[0.3169951442],"iteration":566,"passed_time":6.480445501,"remaining_time":4.948911644},
{"learn":[0.3168737686],"iteration":567,"passed_time":6.487934104,"remaining_time":4.934485093},
{"learn":[0.3167815101],"iteration":568,"passed_time":6.496426144,"remaining_time":4.920843002},
{"learn":[0.3166563407],"iteration":569,"passed_time":6.504516192,"remaining_time":4.906915724},
{"learn":[0.3165344971],"iteration":570,"passed_time":6.513276427,"remaining_time":4.893512412},
{"learn":[0.3164300474],"iteration":571,"passed_time":6.523789245,"remaining_time":4.881436708},
{"learn":[0.316321134],"iteration":572,"passed_time":6.534261386,"remaining_time":4.869336146},
{"learn":[0.3162257258],"iteration":573,"passed_time":6.544190649,"remaining_time":4.856838356},
{"learn":[0.3161482484],"iteration":574,"passed_time":6.554582444,"remaining_time":4.844691372},
{"learn":[0.3160769385],"iteration":575,"passed_time":6.564251999,"remaining_time":4.832018832},
{"learn":[0.3159622057],"iteration":576,"passed_time":6.574391895,"remaining_time":4.81970151},
{"learn":[0.3158151693],"iteration":577,"passed_time":6.584662702,"remaining_time":4.807487301},
{"learn":[0.3157254611],"iteration":578,"passed_time":6.594468863,"remaining_time":4.794941954},
{"learn":[0.3156542388],"iteration":579,"passed_time":6.603116067,"remaining_time":4.781566807},
{"learn":[0.3155559458],"iteration":580,"passed_time":6.609770421,"remaining_time":4.766770751},
{"learn":[0.3154439146],"iteration":581,"passed_time":6.619552649,"remaining_time":4.754249153},
{"learn":[0.3153559836],"iteration":582,"passed_time":6.630033423,"remaining_time":4.742236599},
{"learn":[0.3152705646],"iteration":583,"passed_time":6.639244426,"remaining_time":4.729324797},
{"learn":[0.3151594404],"iteration":584,"passed_time":6.649920718,"remaining_time":4.717465125},
{"learn":[0.3150992275],"iteration":585,"passed_time":6.660820108,"remaining_time":4.705767107},
{"learn":[0.3149900972],"iteration":586,"passed_time":6.675870315,"remaining_time":4.696992232},
{"learn":[0.3148736411],"iteration":587,"passed_time":6.68560529,"remaining_time":4.684471734},
{"learn":[0.3147692118],"iteration":588,"passed_time":6.694446408,"remaining_time":4.671336967},
{"learn":[0.3146865039],"iteration":589,"passed_time":6.704520347,"remaining_time":4.659073462},
{"learn":[0.3145973277],"iteration":590,"passed_time":6.714004941,"remaining_time":4.646409511},
{"learn":[0.3145055095],"iteration":591,"passed_time":6.723668218,"remaining_time":4.633879448},
{"learn":[0.3143890947],"iteration":592,"passed_time":6.733862055,"remaining_time":4.621723198},
{"learn":[0.3142866951],"iteration":593,"passed_time":6.743002781,"remaining_time":4.608853753},
{"learn":[0.3141776624],"iteration":594,"passed_time":6.752292444,"remaining_time":4.596098218},
{"learn":[0.3140950405],"iteration":595,"passed_time":6.762355706,"remaining_time":4.5838787},
{"learn":[0.3140259842],"iteration":596,"passed_time":6.770478595,"remaining_time":4.570356572},
{"learn":[0.3139559921],"iteration":597,"passed_time":6.781034377,"remaining_time":4.558487992},
{"learn":[0.3138606795],"iteration":598,"passed_time":6.79097908,"remaining_time":4.54621471},
{"learn":[0.3137310904],"iteration":599,"passed_time":6.801269139,"remaining_time":4.534179426},
{"learn":[0.3135798586],"iteration":600,"passed_time":6.811211263,"remaining_time":4.521918958},
{"learn":[0.3134444965],"iteration":601,"passed_time":6.819842212,"remaining_time":4.508799336},
{"learn":[0.313353265],"iteration":602,"passed_time":6.831801799,"remaining_time":4.497886094},
{"learn":[0.313233454],"iteration":603,"passed_time":6.844074952,"remaining_time":4.487174969},
{"learn":[0.3131331979],"iteration":604,"passed_time":6.855785843,"remaining_time":4.476091584},
{"learn":[0.313003742],"iteration":605,"passed_time":6.86493228,"remaining_time":4.463338809},
{"learn":[0.3129322816],"iteration":606,"passed_time":6.875032688,"remaining_time":4.451215562},
{"learn":[0.3128342471],"iteration":607,"passed_time":6.884098336,"remaining_time":4.438431822},
{"learn":[0.3127237433],"iteration":608,"passed_time":6.89405153,"remaining_time":4.426230128},
{"learn":[0.312645715],"iteration":609,"passed_time":6.902748641,"remaining_time":4.413232738},
{"learn":[0.3125672178],"iteration":610,"passed_time":6.912166207,"remaining_time":4.400708109},
{"learn":[0.3124990952],"iteration":611,"passed_time":6.922561511,"remaining_time":4.388813507},
{"learn":[0.3124409209],"iteration":612,"passed_time":6.933055903,"remaining_time":4.376986353},
{"learn":[0.3123740231],"iteration":613,"passed_time":6.941936318,"remaining_time":4.36414889},
{"learn":[0.3122631848],"iteration":614,"passed_time":6.951191979,"remaining_time":4.351559207},
{"learn":[0.3121561336],"iteration":615,"passed_time":6.961341062,"remaining_time":4.339537285},
{"learn":[0.3120662043],"iteration":616,"passed_time":6.971069406,"remaining_time":4.327260263},
{"learn":[0.3119562954],"iteration":617,"passed_time":6.981749294,"remaining_time":4.315579661},
{"learn":[0.3118643514],"iteration":618,"passed_time":6.990343211,"remaining_time":4.302618357},
{"learn":[0.3117783701],"iteration":619,"passed_time":7.000302818,"remaining_time":4.290508179},
{"learn":[0.3117015861],"iteration":620,"passed_time":7.009024853,"remaining_time":4.277649629},
{"learn":[0.3116052005],"iteration":621,"passed_time":7.018626925,"remaining_time":4.265339192},
{"learn":[0.311526098],"iteration":622,"passed_time":7.029195767,"remaining_time":4.253622479},
{"learn":[0.3114325108],"iteration":623,"passed_time":7.038918981,"remaining_time":4.241399899},
{"learn":[0.3113571823],"iteration":624,"passed_time":7.048691903,"remaining_time":4.229215142},
{"learn":[0.3112641758],"iteration":625,"passed_time":7.058651441,"remaining_time":4.217149583},
{"learn":[0.3111634801],"iteration":626,"passed_time":7.068003367,"remaining_time":4.204729276},
{"learn":[0.3110771332],"iteration":627,"passed_time":7.077668504,"remaining_time":4.192504273},
{"learn":[0.3110279022],"iteration":628,"passed_time":7.087321688,"remaining_time":4.180280359},
{"learn":[0.3109493112],"iteration":629,"passed_time":7.096967585,"remaining_time":4.168060328},
{"learn":[0.3108651723],"iteration":630,"passed_time":7.105805249,"remaining_time":4.155375811},
{"learn":[0.3107728357],"iteration":631,"passed_time":7.115425272,"remaining_time":4.143159019},
{"learn":[0.310690813],"iteration":632,"passed_time":7.123091771,"remaining_time":4.12981782},
{"learn":[0.3106434238],"iteration":633,"passed_time":7.132803874,"remaining_time":4.117675423},
{"learn":[0.310542661],"iteration":634,"passed_time":7.143507092,"remaining_time":4.106110375},
{"learn":[0.3104479439],"iteration":635,"passed_time":7.154163398,"remaining_time":4.09452119},
{"learn":[0.3103364179],"iteration":636,"passed_time":7.164147881,"remaining_time":4.082552089},
{"learn":[0.3102675544],"iteration":637,"passed_time":7.173163886,"remaining_time":4.070039697},
{"learn":[0.3101718628],"iteration":638,"passed_time":7.183059151,"remaining_time":4.058034982},
{"learn":[0.3100856652],"iteration":639,"passed_time":7.191936213,"remaining_time":4.04546412},
{"learn":[0.31001937],"iteration":640,"passed_time":7.200258772,"remaining_time":4.032594226},
{"learn":[0.3099416207],"iteration":641,"passed_time":7.209734371,"remaining_time":4.020381472},
{"learn":[0.309829641],"iteration":642,"passed_time":7.218913816,"remaining_time":4.008012803},
{"learn":[0.3096937035],"iteration":643,"passed_time":7.228996038,"remaining_time":3.996153089},
{"learn":[0.3096042777],"iteration":644,"passed_time":7.238491043,"remaining_time":3.98397569},
{"learn":[0.3095225079],"iteration":645,"passed_time":7.248241487,"remaining_time":3.971946574},
{"learn":[0.3094507512],"iteration":646,"passed_time":7.257744724,"remaining_time":3.959789625},
{"learn":[0.3093475337],"iteration":647,"passed_time":7.267548759,"remaining_time":3.947804264},
{"learn":[0.3092718283],"iteration":648,"passed_time":7.277384197,"remaining_time":3.935842609},
{"learn":[0.3091948579],"iteration":649,"passed_time":7.28678899,"remaining_time":3.92365561},
{"learn":[0.309105049],"iteration":650,"passed_time":7.296308852,"remaining_time":3.911538847},
{"learn":[0.3089818309],"iteration":651,"passed_time":7.305122831,"remaining_time":3.89905329},
{"learn":[0.3088794972],"iteration":652,"passed_time":7.31417391,"remaining_time":3.886704972},
{"learn":[0.3087929428],"iteration":653,"passed_time":7.323627305,"remaining_time":3.874579583},
{"learn":[0.3087254345],"iteration":654,"passed_time":7.332135081,"remaining_time":3.861964279},
{"learn":[0.3086563779],"iteration":655,"passed_time":7.341884178,"remaining_time":3.850012435},
{"learn":[0.3085699342],"iteration":656,"passed_time":7.35231839,"remaining_time":3.838424974},
{"learn":[0.3084683216],"iteration":657,"passed_time":7.362504922,"remaining_time":3.826712285},
{"learn":[0.3084019561],"iteration":658,"passed_time":7.371979337,"remaining_time":3.814635742},
{"learn":[0.3082610251],"iteration":659,"passed_time":7.381829525,"remaining_time":3.802760664},
{"learn":[0.3081653578],"iteration":660,"passed_time":7.392796811,"remaining_time":3.791464628},
{"learn":[0.3080636769],"iteration":661,"passed_time":7.403056498,"remaining_time":3.779808303},
{"learn":[0.3079797795],"iteration":662,"passed_time":7.414619536,"remaining_time":3.768818678},
{"learn":[0.3079166151],"iteration":663,"passed_time":7.424418458,"remaining_time":3.756934641},
{"learn":[0.3078237006],"iteration":664,"passed_time":7.433734492,"remaining_time":3.744813616},
{"learn":[0.307708323],"iteration":665,"passed_time":7.443226078,"remaining_time":3.732789054},
{"learn":[0.3076298276],"iteration":666,"passed_time":7.45133127,"remaining_time":3.720079929},
{"learn":[0.3075818449],"iteration":667,"passed_time":7.459195703,"remaining_time":3.70726493},
{"learn":[0.3075213062],"iteration":668,"passed_time":7.468328013,"remaining_time":3.695092036},
{"learn":[0.3074305215],"iteration":669,"passed_time":7.477486895,"remaining_time":3.682941307},
{"learn":[0.3073385744],"iteration":670,"passed_time":7.488272205,"remaining_time":3.671596953},
{"learn":[0.307262343],"iteration":671,"passed_time":7.497104666,"remaining_time":3.659301087},
{"learn":[0.3071728119],"iteration":672,"passed_time":7.506580342,"remaining_time":3.647328041},
{"learn":[0.3070529127],"iteration":673,"passed_time":7.514879835,"remaining_time":3.634793511},
{"learn":[0.3069866996],"iteration":674,"passed_time":7.524498015,"remaining_time":3.622906452},
{"learn":[0.3068997734],"iteration":675,"passed_time":7.534354575,"remaining_time":3.611140358},
{"learn":[0.3068475999],"iteration":676,"passed_time":7.544526359,"remaining_time":3.599530301},
{"learn":[0.3067476873],"iteration":677,"passed_time":7.553675185,"remaining_time":3.587438657},
{"learn":[0.3066398794],"iteration":678,"passed_time":7.562792235,"remaining_time":3.575340659},
{"learn":[0.3065703594],"iteration":679,"passed_time":7.572030682,"remaining_time":3.563308556},
{"learn":[0.3065085958],"iteration":680,"passed_time":7.581655877,"remaining_time":3.551465822},
{"learn":[0.3063792594],"iteration":681,"passed_time":7.590278937,"remaining_time":3.539162319},
{"learn":[0.3062669807],"iteration":682,"passed_time":7.59957603,"remaining_time":3.527182433},
{"learn":[0.3061876358],"iteration":683,"passed_time":7.609123911,"remaining_time":3.515326251},
{"learn":[0.3061000242],"iteration":684,"passed_time":7.617878012,"remaining_time":3.503111787},
{"learn":[0.3060238216],"iteration":685,"passed_time":7.626717609,"remaining_time":3.490946544},
{"learn":[0.3059535529],"iteration":686,"passed_time":7.635640098,"remaining_time":3.478828749},
{"learn":[0.305836264],"iteration":687,"passed_time":7.644875159,"remaining_time":3.466861991},
{"learn":[0.3057512101],"iteration":688,"passed_time":7.654615562,"remaining_time":3.455131263},
{"learn":[0.3056217349],"iteration":689,"passed_time":7.663517648,"remaining_time":3.443029668},
{"learn":[0.3055508401],"iteration":690,"passed_time":7.672966299,"remaining_time":3.431181746},
{"learn":[0.3054685919],"iteration":691,"passed_time":7.681631195,"remaining_time":3.418991919},
{"learn":[0.3053945024],"iteration":692,"passed_time":7.687900013,"remaining_time":3.405750799},
{"learn":[0.3053212151],"iteration":693,"passed_time":7.695142685,"remaining_time":3.392959167},
{"learn":[0.3052448738],"iteration":694,"passed_time":7.704744593,"remaining_time":3.38121885},
{"learn":[0.3051291871],"iteration":695,"passed_time":7.71315966,"remaining_time":3.368966288},
{"learn":[0.3050696032],"iteration":696,"passed_time":7.721296054,"remaining_time":3.356603593},
{"learn":[0.3050082103],"iteration":697,"passed_time":7.730070693,"remaining_time":3.344529154},
{"learn":[0.3049261285],"iteration":698,"passed_time":7.738887182,"remaining_time":3.332482177},
{"learn":[0.304840879],"iteration":699,"passed_time":7.749630081,"remaining_time":3.321270035},
{"learn":[0.3047820015],"iteration":700,"passed_time":7.760173095,"remaining_time":3.309973974},
{"learn":[0.3046895943],"iteration":701,"passed_time":7.770631955,"remaining_time":3.298644334},
{"learn":[0.3045919342],"iteration":702,"passed_time":7.781133536,"remaining_time":3.287335221},
{"learn":[0.304492708],"iteration":703,"passed_time":7.791213469,"remaining_time":3.275851118},
{"learn":[0.3044185364],"iteration":704,"passed_time":7.799810653,"remaining_time":3.263750557},
{"learn":[0.3042870708],"iteration":705,"passed_time":7.809298807,"remaining_time":3.252030948},
{"learn":[0.3042167248],"iteration":706,"passed_time":7.818552256,"remaining_time":3.240220383},
{"learn":[0.3041063622],"iteration":707,"passed_time":7.827849454,"remaining_time":3.228435085},
{"learn":[0.3040296054],"iteration":708,"passed_time":7.837903588,"remaining_time":3.216967481},
{"learn":[0.3039306165],"iteration":709,"passed_time":7.847808983,"remaining_time":3.205443106},
{"learn":[0.3038798708],"iteration":710,"passed_time":7.856678674,"remaining_time":3.193502302},
{"learn":[0.3038055543],"iteration":711,"passed_time":7.867429171,"remaining_time":3.182330901},
{"learn":[0.3037290735],"iteration":712,"passed_time":7.877108322,"remaining_time":3.170729437},
{"learn":[0.3036450715],"iteration":713,"passed_time":7.886803842,"remaining_time":3.159139914},
{"learn":[0.3035800994],"iteration":714,"passed_time":7.895081114,"remaining_time":3.146990374},
{"learn":[0.3035144904],"iteration":715,"passed_time":7.903869748,"remaining_time":3.135054481},
{"learn":[0.3034591731],"iteration":716,"passed_time":7.913517477,"remaining_time":3.123466452},
{"learn":[0.3033856837],"iteration":717,"passed_time":7.921499229,"remaining_time":3.111229502},
{"learn":[0.3033167841],"iteration":718,"passed_time":7.930234075,"remaining_time":3.099298714},
{"learn":[0.3032153185],"iteration":719,"passed_time":7.938052577,"remaining_time":3.087020447},
{"learn":[0.3031455802],"iteration":720,"passed_time":7.947996293,"remaining_time":3.075576929},
{"learn":[0.3030555019],"iteration":721,"passed_time":7.957061533,"remaining_time":3.063799316},
{"learn":[0.3029633681],"iteration":722,"passed_time":7.96792694,"remaining_time":3.052718897},
{"learn":[0.3028688233],"iteration":723,"passed_time":7.978542375,"remaining_time":3.041543778},
{"learn":[0.3027812654],"iteration":724,"passed_time":7.986961392,"remaining_time":3.02953708},
{"learn":[0.3027305818],"iteration":725,"passed_time":7.996732263,"remaining_time":3.018050468},
{"learn":[0.3026592669],"iteration":726,"passed_time":8.005620981,"remaining_time":3.006237315},
{"learn":[0.3025878508],"iteration":727,"passed_time":8.014575395,"remaining_time":2.994456741},
{"learn":[0.3025049319],"iteration":728,"passed_time":8.024912324,"remaining_time":2.98319786},
{"learn":[0.3024366054],"iteration":729,"passed_time":8.034872946,"remaining_time":2.971802323},
{"learn":[0.3023121457],"iteration":730,"passed_time":8.043556061,"remaining_time":2.959940602},
{"learn":[0.3022124961],"iteration":731,"passed_time":8.052822405,"remaining_time":2.948301099},
{"learn":[0.3021208933],"iteration":732,"passed_time":8.062679563,"remaining_time":2.936883279},
{"learn":[0.302032476],"iteration":733,"passed_time":8.07275487,"remaining_time":2.925548768},
{"learn":[0.3019582598],"iteration":734,"passed_time":8.08235647,"remaining_time":2.914046891},
{"learn":[0.3018581151],"iteration":735,"passed_time":8.090868292,"remaining_time":2.902159279},
{"learn":[0.3017973684],"iteration":736,"passed_time":8.111504961,"remaining_time":2.894607605},
{"learn":[0.301676196],"iteration":737,"passed_time":8.121589695,"remaining_time":2.883274391},
{"learn":[0.3016130059],"iteration":738,"passed_time":8.130233669,"remaining_time":2.871435707},
{"learn":[0.3015234218],"iteration":739,"passed_time":8.139796006,"remaining_time":2.859928327},
{"learn":[0.3014626213],"iteration":740,"passed_time":8.150096178,"remaining_time":2.848684089},
{"learn":[0.3013349977],"iteration":741,"passed_time":8.158924642,"remaining_time":2.836930671},
{"learn":[0.3012534302],"iteration":742,"passed_time":8.168838881,"remaining_time":2.82556069},
{"learn":[0.3011760537],"iteration":743,"passed_time":8.178875022,"remaining_time":2.814236567},
{"learn":[0.3010913159],"iteration":744,"passed_time":8.194593962,"remaining_time":2.804861021},
{"learn":[0.3010098055],"iteration":745,"passed_time":8.209916364,"remaining_time":2.795333454},
{"learn":[0.3009089427],"iteration":746,"passed_time":8.239417334,"remaining_time":2.790592484},
{"learn":[0.3008366028],"iteration":747,"passed_time":8.266624908,"remaining_time":2.78501267},
{"learn":[0.3007396214],"iteration":748,"passed_time":8.295749972,"remaining_time":2.780017681},
{"learn":[0.3006526538],"iteration":749,"passed_time":8.321378893,"remaining_time":2.773792964},
{"learn":[0.3005452663],"iteration":750,"passed_time":8.332861384,"remaining_time":2.762826211},
{"learn":[0.300429191],"iteration":751,"passed_time":8.345234972,"remaining_time":2.752151959},
{"learn":[0.3003238887],"iteration":752,"passed_time":8.365641847,"remaining_time":2.744108282},
{"learn":[0.3002668491],"iteration":753,"passed_time":8.374312339,"remaining_time":2.732202699},
{"learn":[0.3001878561],"iteration":754,"passed_time":8.384563143,"remaining_time":2.720818503},
{"learn":[0.3001073369],"iteration":755,"passed_time":8.39562915,"remaining_time":2.709700414},
{"learn":[0.3000383208],"iteration":756,"passed_time":8.40646586,"remaining_time":2.698508856},
{"learn":[0.2999702383],"iteration":757,"passed_time":8.431628295,"remaining_time":2.691891883},
{"learn":[0.2998980962],"iteration":758,"passed_time":8.442540434,"remaining_time":2.680701245},
{"learn":[0.2998151698],"iteration":759,"passed_time":8.453526208,"remaining_time":2.669534592},
{"learn":[0.2997382355],"iteration":760,"passed_time":8.466571007,"remaining_time":2.659015073},
{"learn":[0.2996334109],"iteration":761,"passed_time":8.479336706,"remaining_time":2.648401753},
{"learn":[0.2995798109],"iteration":762,"passed_time":8.489568371,"remaining_time":2.63699568},
{"learn":[0.2994739266],"iteration":763,"passed_time":8.499517252,"remaining_time":2.625505329},
{"learn":[0.2993672739],"iteration":764,"passed_time":8.509750414,"remaining_time":2.614106336},
{"learn":[0.2992600828],"iteration":765,"passed_time":8.535799759,"remaining_time":2.607541963},
{"learn":[0.2991682746],"iteration":766,"passed_time":8.554434062,"remaining_time":2.598674233},
{"learn":[0.2990989392],"iteration":767,"passed_time":8.574478622,"remaining_time":2.590207084},
{"learn":[0.2990325296],"iteration":768,"passed_time":8.580995523,"remaining_time":2.577646249},
{"learn":[0.2989575458],"iteration":769,"passed_time":8.587909073,"remaining_time":2.565219593},
{"learn":[0.2988706407],"iteration":770,"passed_time":8.596387437,"remaining_time":2.553272014},
{"learn":[0.2988093658],"iteration":771,"passed_time":8.604607468,"remaining_time":2.541257128},
{"learn":[0.2987092162],"iteration":772,"passed_time":8.612080889,"remaining_time":2.52903281},
{"learn":[0.2986232689],"iteration":773,"passed_time":8.618310412,"remaining_time":2.516457562},
{"learn":[0.2985190916],"iteration":774,"passed_time":8.625903305,"remaining_time":2.504294508},
{"learn":[0.298448768],"iteration":775,"passed_time":8.634284763,"remaining_time":2.492370859},
{"learn":[0.2983763561],"iteration":776,"passed_time":8.646758285,"remaining_time":2.481630756},
{"learn":[0.2982997076],"iteration":777,"passed_time":8.654268383,"remaining_time":2.469469899},
{"learn":[0.2982347236],"iteration":778,"passed_time":8.663286439,"remaining_time":2.457748784},
{"learn":[0.2981626914],"iteration":779,"passed_time":8.672808897,"remaining_time":2.446176868},
{"learn":[0.2980492048],"iteration":780,"passed_time":8.681455661,"remaining_time":2.434364647},
{"learn":[0.2979507065],"iteration":781,"passed_time":8.690937977,"remaining_time":2.422793451},
{"learn":[0.2978830562],"iteration":782,"passed_time":8.698136727,"remaining_time":2.410594725},
{"learn":[0.2977813608],"iteration":783,"passed_time":8.706533972,"remaining_time":2.398738951},
{"learn":[0.2977139979],"iteration":784,"passed_time":8.718690134,"remaining_time":2.387921502},
{"learn":[0.2976358915],"iteration":785,"passed_time":8.730327637,"remaining_time":2.376959433},
{"learn":[0.297525371],"iteration":786,"passed_time":8.744654452,"remaining_time":2.366723505},
{"learn":[0.2974521816],"iteration":787,"passed_time":8.756498175,"remaining_time":2.355809154},
{"learn":[0.2973857665],"iteration":788,"passed_time":8.766983816,"remaining_time":2.344529259},
{"learn":[0.2972821172],"iteration":789,"passed_time":8.775830388,"remaining_time":2.332815673},
{"learn":[0.2971718931],"iteration":790,"passed_time":8.784519331,"remaining_time":2.321067687},
{"learn":[0.297073394],"iteration":791,"passed_time":8.793566181,"remaining_time":2.309421421},
{"learn":[0.2970050064],"iteration":792,"passed_time":8.805465767,"remaining_time":2.298526373},
{"learn":[0.2969229833],"iteration":793,"passed_time":8.81497765,"remaining_time":2.287009315},
{"learn":[0.2968631499],"iteration":794,"passed_time":8.823630733,"remaining_time":2.275275849},
{"learn":[0.2967753505],"iteration":795,"passed_time":8.832781953,"remaining_time":2.263677787},
{"learn":[0.2967038287],"iteration":796,"passed_time":8.84069654,"remaining_time":2.251770888},
{"learn":[0.2966450658],"iteration":797,"passed_time":8.848414453,"remaining_time":2.23982421},
{"learn":[0.2965609706],"iteration":798,"passed_time":8.855732593,"remaining_time":2.227787549},
{"learn":[0.2965037901],"iteration":799,"passed_time":8.86236215,"remaining_time":2.215590538},
{"learn":[0.2964029059],"iteration":800,"passed_time":8.869893115,"remaining_time":2.203631373},
{"learn":[0.2963311107],"iteration":801,"passed_time":8.877483945,"remaining_time":2.191698031},
{"learn":[0.2962502835],"iteration":802,"passed_time":8.884423888,"remaining_time":2.179615823},
{"learn":[0.2961804322],"iteration":803,"passed_time":8.892175267,"remaining_time":2.167744219},
{"learn":[0.2961149051],"iteration":804,"passed_time":8.898730879,"remaining_time":2.155593194},
{"learn":[0.2960204437],"iteration":805,"passed_time":8.905232204,"remaining_time":2.143442987},
{"learn":[0.295960313],"iteration":806,"passed_time":8.911419437,"remaining_time":2.131231662},
{"learn":[0.2958773694],"iteration":807,"passed_time":8.918236199,"remaining_time":2.119184839},
{"learn":[0.2958120591],"iteration":808,"passed_time":8.925756117,"remaining_time":2.107316957},
{"learn":[0.295728638],"iteration":809,"passed_time":8.943332145,"remaining_time":2.097818651},
{"learn":[0.2956412122],"iteration":810,"passed_time":8.950879128,"remaining_time":2.0859632},
{"learn":[0.2955837313],"iteration":811,"passed_time":8.960895129,"remaining_time":2.074690005},
{"learn":[0.2955074002],"iteration":812,"passed_time":8.972967826,"remaining_time":2.063892969},
{"learn":[0.295421995],"iteration":813,"passed_time":8.983175888,"remaining_time":2.052666726},
{"learn":[0.2953265365],"iteration":814,"passed_time":8.993527766,"remaining_time":2.041475628},
{"learn":[0.2952633584],"iteration":815,"passed_time":9.002806658,"remaining_time":2.030044639},
{"learn":[0.2952091378],"iteration":816,"passed_time":9.010810285,"remaining_time":2.018333271},
{"learn":[0.2951475806],"iteration":817,"passed_time":9.050431771,"remaining_time":2.013665749},
{"learn":[0.2950779381],"iteration":818,"passed_time":9.082644417,"remaining_time":2.007275506},
{"learn":[0.2950015168],"iteration":819,"passed_time":9.098026193,"remaining_time":1.997127701},
{"learn":[0.2948959092],"iteration":820,"passed_time":9.234640856,"remaining_time":2.013399163},
{"learn":[0.294789277],"iteration":821,"passed_time":9.250081718,"remaining_time":2.003059058},
{"learn":[0.2946833854],"iteration":822,"passed_time":9.307569972,"remaining_time":2.001749556},
{"learn":[0.2946040908],"iteration":823,"passed_time":9.326433694,"remaining_time":1.992053799},
{"learn":[0.2944959437],"iteration":824,"passed_time":9.345073162,"remaining_time":1.982288247},
{"learn":[0.2944266143],"iteration":825,"passed_time":9.392409781,"remaining_time":1.97854637},
{"learn":[0.2943653309],"iteration":826,"passed_time":9.406714423,"remaining_time":1.967789112},
{"learn":[0.2942784418],"iteration":827,"passed_time":9.414852341,"remaining_time":1.955742274},
{"learn":[0.2942068306],"iteration":828,"passed_time":9.42905735,"remaining_time":1.944956341},
{"learn":[0.2941382649],"iteration":829,"passed_time":9.439593559,"remaining_time":1.933410729},
{"learn":[0.2940764892],"iteration":830,"passed_time":9.447070652,"remaining_time":1.921245415},
{"learn":[0.2939977792],"iteration":831,"passed_time":9.453078264,"remaining_time":1.90879465},
{"learn":[0.2938972193],"iteration":832,"passed_time":9.458899112,"remaining_time":1.896321911},
{"learn":[0.2938187498],"iteration":833,"passed_time":9.465586746,"remaining_time":1.88403765},
{"learn":[0.2937587399],"iteration":834,"passed_time":9.471377513,"remaining_time":1.871589568},
{"learn":[0.2936723312],"iteration":835,"passed_time":9.477235128,"remaining_time":1.859170527},
{"learn":[0.2936160688],"iteration":836,"passed_time":9.483722221,"remaining_time":1.846889752},
{"learn":[0.2935661603],"iteration":837,"passed_time":9.489632047,"remaining_time":1.834511207},
{"learn":[0.2934936832],"iteration":838,"passed_time":9.495398772,"remaining_time":1.822120623},
{"learn":[0.2934243579],"iteration":839,"passed_time":9.500873244,"remaining_time":1.809690142},
{"learn":[0.2933360616],"iteration":840,"passed_time":9.506255241,"remaining_time":1.79725872},
{"learn":[0.2932002955],"iteration":841,"passed_time":9.512323397,"remaining_time":1.784972799},
{"learn":[0.293139838],"iteration":842,"passed_time":9.517842584,"remaining_time":1.77259939},
{"learn":[0.2930593932],"iteration":843,"passed_time":9.524215021,"remaining_time":1.760399933},
{"learn":[0.2929781295],"iteration":844,"passed_time":9.530542439,"remaining_time":1.74820601},
{"learn":[0.2929054558],"iteration":845,"passed_time":9.535101456,"remaining_time":1.735704048},
{"learn":[0.2928260893],"iteration":846,"passed_time":9.540285665,"remaining_time":1.723333774},
{"learn":[0.2927351993],"iteration":847,"passed_time":9.545433245,"remaining_time":1.710973884},
{"learn":[0.2926536345],"iteration":848,"passed_time":9.550896665,"remaining_time":1.698687157},
{"learn":[0.2925927156],"iteration":849,"passed_time":9.55617732,"remaining_time":1.686384233},
{"learn":[0.2925101871],"iteration":850,"passed_time":9.561426447,"remaining_time":1.674092292},
{"learn":[0.2924253807],"iteration":851,"passed_time":9.566294061,"remaining_time":1.661750612},
{"learn":[0.2923254404],"iteration":852,"passed_time":9.571415382,"remaining_time":1.649470177},
{"learn":[0.2922751465],"iteration":853,"passed_time":9.576274646,"remaining_time":1.637161708},
{"learn":[0.2922204734],"iteration":854,"passed_time":9.581419207,"remaining_time":1.624919047},
{"learn":[0.2921355391],"iteration":855,"passed_time":9.586699452,"remaining_time":1.612715796},
{"learn":[0.2920585263],"iteration":856,"passed_time":9.591786207,"remaining_time":1.600496415},
{"learn":[0.2919858814],"iteration":857,"passed_time":9.597687161,"remaining_time":1.588428411},
{"learn":[0.2919177499],"iteration":858,"passed_time":9.603571448,"remaining_time":1.57637203},
{"learn":[0.2918510201],"iteration":859,"passed_time":9.608617045,"remaining_time":1.564193472},
{"learn":[0.2917813173],"iteration":860,"passed_time":9.614342195,"remaining_time":1.552141191},
{"learn":[0.2916829395],"iteration":861,"passed_time":9.619393641,"remaining_time":1.539995734},
{"learn":[0.291594065],"iteration":862,"passed_time":9.624359329,"remaining_time":1.527853103},
{"learn":[0.291498045],"iteration":863,"passed_time":9.629644576,"remaining_time":1.515777387},
{"learn":[0.2914022674],"iteration":864,"passed_time":9.634433522,"remaining_time":1.503639914},
{"learn":[0.2913237935],"iteration":865,"passed_time":9.639482981,"remaining_time":1.491559722},
{"learn":[0.2912293666],"iteration":866,"passed_time":9.644339264,"remaining_time":1.479466116},
{"learn":[0.2911625393],"iteration":867,"passed_time":9.649290039,"remaining_time":1.467403554},
{"learn":[0.2910709574],"iteration":868,"passed_time":9.65418027,"remaining_time":1.455348234},
{"learn":[0.2909987096],"iteration":869,"passed_time":9.659773924,"remaining_time":1.443414494},
{"learn":[0.2909190151],"iteration":870,"passed_time":9.666195103,"remaining_time":1.431617874},
{"learn":[0.2908136055],"iteration":871,"passed_time":9.671188269,"remaining_time":1.419623966},
{"learn":[0.2907618263],"iteration":872,"passed_time":9.676148712,"remaining_time":1.407641336},
{"learn":[0.2906982476],"iteration":873,"passed_time":9.681221156,"remaining_time":1.395690922},
{"learn":[0.2906284133],"iteration":874,"passed_time":9.686200941,"remaining_time":1.383742992},
{"learn":[0.290559366],"iteration":875,"passed_time":9.691227841,"remaining_time":1.37181764},
{"learn":[0.2904511062],"iteration":876,"passed_time":9.696090287,"remaining_time":1.359884955},
{"learn":[0.2903621888],"iteration":877,"passed_time":9.700962669,"remaining_time":1.347969756},
{"learn":[0.2902927491],"iteration":878,"passed_time":9.706459969,"remaining_time":1.336156605},
{"learn":[0.2902181612],"iteration":879,"passed_time":9.712019648,"remaining_time":1.324366316},
{"learn":[0.2901156399],"iteration":880,"passed_time":9.71786326,"remaining_time":1.312628522},
{"learn":[0.2900510355],"iteration":881,"passed_time":9.724319266,"remaining_time":1.300986024},
{"learn":[0.2899636201],"iteration":882,"passed_time":9.730097021,"remaining_time":1.289265404},
{"learn":[0.2899086446],"iteration":883,"passed_time":9.735922958,"remaining_time":1.277564551},
{"learn":[0.2898266375],"iteration":884,"passed_time":9.74181914,"remaining_time":1.265886103},
{"learn":[0.2897348054],"iteration":885,"passed_time":9.74771532,"remaining_time":1.254220707},
{"learn":[0.2896519585],"iteration":886,"passed_time":9.754322079,"remaining_time":1.242658844},
{"learn":[0.2895656283],"iteration":887,"passed_time":9.760019201,"remaining_time":1.230993413},
{"learn":[0.2895004263],"iteration":888,"passed_time":9.766459673,"remaining_time":1.219434222},
{"learn":[0.2894325575],"iteration":889,"passed_time":9.772100127,"remaining_time":1.207787656},
{"learn":[0.2893513694],"iteration":890,"passed_time":9.777614454,"remaining_time":1.196139142},
{"learn":[0.2892879007],"iteration":891,"passed_time":9.783208717,"remaining_time":1.18451406},
{"learn":[0.2892056958],"iteration":892,"passed_time":9.789046471,"remaining_time":1.17293166},
{"learn":[0.2891431902],"iteration":893,"passed_time":9.794397435,"remaining_time":1.161304394},
{"learn":[0.2890643834],"iteration":894,"passed_time":9.800159586,"remaining_time":1.149739393},
{"learn":[0.288965689],"iteration":895,"passed_time":9.805993833,"remaining_time":1.138195713},
{"learn":[0.2888889957],"iteration":896,"passed_time":9.812088733,"remaining_time":1.126694693},
{"learn":[0.2888230933],"iteration":897,"passed_time":9.818096355,"remaining_time":1.1151958},
{"learn":[0.2887587101],"iteration":898,"passed_time":9.824033462,"remaining_time":1.103701201},
{"learn":[0.2886856459],"iteration":899,"passed_time":9.83043389,"remaining_time":1.092270432},
{"learn":[0.2885917527],"iteration":900,"passed_time":9.83620945,"remaining_time":1.08078217},
{"learn":[0.2885261911],"iteration":901,"passed_time":9.840976901,"remaining_time":1.069197047},
{"learn":[0.2884677479],"iteration":902,"passed_time":9.845858355,"remaining_time":1.05763927},
{"learn":[0.2884063551],"iteration":903,"passed_time":9.850760533,"remaining_time":1.046098464},
{"learn":[0.2883417319],"iteration":904,"passed_time":9.855668782,"remaining_time":1.034572966},
{"learn":[0.2882919337],"iteration":905,"passed_time":9.861044866,"remaining_time":1.023110615},
{"learn":[0.288221841],"iteration":906,"passed_time":9.866774599,"remaining_time":1.011697947},
{"learn":[0.2881044804],"iteration":907,"passed_time":9.872679399,"remaining_time":1.000315534},
{"learn":[0.2880381875],"iteration":908,"passed_time":9.877998778,"remaining_time":0.9888865663},
{"learn":[0.2879574036],"iteration":909,"passed_time":9.883550329,"remaining_time":0.9774939885},
{"learn":[0.2878820389],"iteration":910,"passed_time":9.888596412,"remaining_time":0.9660648526},
{"learn":[0.2877961501],"iteration":911,"passed_time":9.894154474,"remaining_time":0.9546991159},
{"learn":[0.2877081173],"iteration":912,"passed_time":9.899377149,"remaining_time":0.9433141423},
{"learn":[0.2876220584],"iteration":913,"passed_time":9.905108031,"remaining_time":0.9319904712},
{"learn":[0.287544796],"iteration":914,"passed_time":9.910263475,"remaining_time":0.9206255687},
{"learn":[0.2874380981],"iteration":915,"passed_time":9.915380901,"remaining_time":0.9092707376},
{"learn":[0.2873897178],"iteration":916,"passed_time":9.921477313,"remaining_time":0.898018121},
{"learn":[0.2873304652],"iteration":917,"passed_time":9.927442773,"remaining_time":0.8867650408},
{"learn":[0.287263125],"iteration":918,"passed_time":9.933557641,"remaining_time":0.8755366365},
{"learn":[0.2871688442],"iteration":919,"passed_time":9.938432094,"remaining_time":0.8642114864},
{"learn":[0.2870973827],"iteration":920,"passed_time":9.944595983,"remaining_time":0.8530109475},
{"learn":[0.2870231618],"iteration":921,"passed_time":9.949706142,"remaining_time":0.8417321899},
{"learn":[0.2869428213],"iteration":922,"passed_time":9.954823607,"remaining_time":0.8304674082},
{"learn":[0.2868246589],"iteration":923,"passed_time":9.959718945,"remaining_time":0.8191976622},
{"learn":[0.2867582585],"iteration":924,"passed_time":9.965208471,"remaining_time":0.807989876},
{"learn":[0.2866589662],"iteration":925,"passed_time":9.970668826,"remaining_time":0.7967921092},
{"learn":[0.2865668495],"iteration":926,"passed_time":9.976272497,"remaining_time":0.7856180068},
{"learn":[0.2865103459],"iteration":927,"passed_time":9.981218403,"remaining_time":0.7744048761},
{"learn":[0.2864465226],"iteration":928,"passed_time":9.986183955,"remaining_time":0.7632067393},
{"learn":[0.2863581507],"iteration":929,"passed_time":9.991115036,"remaining_time":0.7520194113},
{"learn":[0.2862935074],"iteration":930,"passed_time":9.996334059,"remaining_time":0.7408668637},
{"learn":[0.2862106452],"iteration":931,"passed_time":10.00154725,"remaining_time":0.7297266234},
{"learn":[0.2861119935],"iteration":932,"passed_time":10.00699274,"remaining_time":0.7186157698},
{"learn":[0.2860523377],"iteration":933,"passed_time":10.01209852,"remaining_time":0.7074930432},
{"learn":[0.2859509425],"iteration":934,"passed_time":10.01709722,"remaining_time":0.6963757424},
{"learn":[0.2858763371],"iteration":935,"passed_time":10.02265587,"remaining_time":0.6853098028},
{"learn":[0.2858185533],"iteration":936,"passed_time":10.02708284,"remaining_time":0.674179529},
{"learn":[0.2857506222],"iteration":937,"passed_time":10.03218651,"remaining_time":0.6631082767},
{"learn":[0.2856656945],"iteration":938,"passed_time":10.03690876,"remaining_time":0.6520249569},
{"learn":[0.2856176018],"iteration":939,"passed_time":10.05648321,"remaining_time":0.6419031835},
{"learn":[0.28554358],"iteration":940,"passed_time":10.06164666,"remaining_time":0.6308577609},
{"learn":[0.2854939438],"iteration":941,"passed_time":10.06659921,"remaining_time":0.619811841},
{"learn":[0.2854387593],"iteration":942,"passed_time":10.07258128,"remaining_time":0.6088410742},
{"learn":[0.28535876],"iteration":943,"passed_time":10.07834967,"remaining_time":0.5978682006},
{"learn":[0.2852998589],"iteration":944,"passed_time":10.08364451,"remaining_time":0.5868787809},
{"learn":[0.2852390425],"iteration":945,"passed_time":10.08851494,"remaining_time":0.5758771741},
{"learn":[0.2851546664],"iteration":946,"passed_time":10.09402978,"remaining_time":0.5649245813},
{"learn":[0.2850898423],"iteration":947,"passed_time":10.09923461,"remaining_time":0.5539664554},
{"learn":[0.2850227933],"iteration":948,"passed_time":10.1047563,"remaining_time":0.543037483},
{"learn":[0.2849390442],"iteration":949,"passed_time":10.10944639,"remaining_time":0.5320761259},
{"learn":[0.2848840678],"iteration":950,"passed_time":10.11413319,"remaining_time":0.5211277877},
{"learn":[0.2847772434],"iteration":951,"passed_time":10.11939631,"remaining_time":0.5102216629},
{"learn":[0.2847183766],"iteration":952,"passed_time":10.12431031,"remaining_time":0.499310162},
{"learn":[0.2846689968],"iteration":953,"passed_time":10.12966063,"remaining_time":0.4884322736},
{"learn":[0.284585383],"iteration":954,"passed_time":10.13501984,"remaining_time":0.4775663801},
{"learn":[0.2845157749],"iteration":955,"passed_time":10.14011853,"remaining_time":0.4667000161},
{"learn":[0.2844019363],"iteration":956,"passed_time":10.14610223,"remaining_time":0.4558854712},
{"learn":[0.2843535349],"iteration":957,"passed_time":10.15230989,"remaining_time":0.4450908302},
{"learn":[0.2842842384],"iteration":958,"passed_time":10.15809523,"remaining_time":0.4342877003},
{"learn":[0.284246069],"iteration":959,"passed_time":10.16247935,"remaining_time":0.4234366397},
{"learn":[0.2841641866],"iteration":960,"passed_time":10.16771169,"remaining_time":0.412633461},
{"learn":[0.2841013045],"iteration":961,"passed_time":10.17275222,"remaining_time":0.4018342874},
{"learn":[0.2840341973],"iteration":962,"passed_time":10.1776727,"remaining_time":0.3910424609},
{"learn":[0.2839796611],"iteration":963,"passed_time":10.18273449,"remaining_time":0.3802680932},
{"learn":[0.2839210346],"iteration":964,"passed_time":10.18764536,"remaining_time":0.3695000909},
{"learn":[0.2838695125],"iteration":965,"passed_time":10.19245876,"remaining_time":0.3587407844},
{"learn":[0.283793774],"iteration":966,"passed_time":10.19759218,"remaining_time":0.3480046969},
{"learn":[0.2837472483],"iteration":967,"passed_time":10.20327529,"remaining_time":0.3372983565},
{"learn":[0.2836965491],"iteration":968,"passed_time":10.20863244,"remaining_time":0.3265919563},
{"learn":[0.2836294641],"iteration":969,"passed_time":10.21368712,"remaining_time":0.3158872306},
{"learn":[0.2835377856],"iteration":970,"passed_time":10.21888901,"remaining_time":0.3051985388},
{"learn":[0.283471119],"iteration":971,"passed_time":10.2235285,"remaining_time":0.2945049361},
{"learn":[0.2833937687],"iteration":972,"passed_time":10.22821691,"remaining_time":0.2838251352},
{"learn":[0.2833499876],"iteration":973,"passed_time":10.23311213,"remaining_time":0.2731631575},
{"learn":[0.2832748867],"iteration":974,"passed_time":10.23845983,"remaining_time":0.2625246109},
{"learn":[0.2832193187],"iteration":975,"passed_time":10.24326251,"remaining_time":0.2518835044},
{"learn":[0.2831337033],"iteration":976,"passed_time":10.24878034,"remaining_time":0.241271185},
{"learn":[0.2830577075],"iteration":977,"passed_time":10.26455318,"remaining_time":0.2308999693},
{"learn":[0.2829823856],"iteration":978,"passed_time":10.2696468,"remaining_time":0.2202886444},
{"learn":[0.2829155454],"iteration":979,"passed_time":10.27467384,"remaining_time":0.2096872211},
{"learn":[0.2828766066],"iteration":980,"passed_time":10.27990186,"remaining_time":0.1991010554},
{"learn":[0.2828235611],"iteration":981,"passed_time":10.28549306,"remaining_time":0.1885324594},
{"learn":[0.282766283],"iteration":982,"passed_time":10.2909278,"remaining_time":0.1779712844},
{"learn":[0.2826933773],"iteration":983,"passed_time":10.29580278,"remaining_time":0.1674114273},
{"learn":[0.2826439897],"iteration":984,"passed_time":10.30051942,"remaining_time":0.1568607018},
{"learn":[0.2825484323],"iteration":985,"passed_time":10.30493082,"remaining_time":0.1463174762},
{"learn":[0.2824704275],"iteration":986,"passed_time":10.30994519,"remaining_time":0.1357946174},
{"learn":[0.2824083349],"iteration":987,"passed_time":10.31548124,"remaining_time":0.1252892458},
{"learn":[0.2823256058],"iteration":988,"passed_time":10.32071113,"remaining_time":0.1147905182},
{"learn":[0.282271247],"iteration":989,"passed_time":10.32601235,"remaining_time":0.104303155},
{"learn":[0.2821887741],"iteration":990,"passed_time":10.33117876,"remaining_time":0.09382503415},
{"learn":[0.282114673],"iteration":991,"passed_time":10.33670408,"remaining_time":0.08336051681},
{"learn":[0.2820400829],"iteration":992,"passed_time":10.34189067,"remaining_time":0.07290355961},
{"learn":[0.2819276349],"iteration":993,"passed_time":10.34707827,"remaining_time":0.06245721291},
{"learn":[0.2818604783],"iteration":994,"passed_time":10.3525772,"remaining_time":0.052023001},
{"learn":[0.2817980637],"iteration":995,"passed_time":10.35776239,"remaining_time":0.0415974393},
{"learn":[0.2817261019],"iteration":996,"passed_time":10.36295199,"remaining_time":0.03118240317},
{"learn":[0.2816454409],"iteration":997,"passed_time":10.3680137,"remaining_time":0.02077758257},
{"learn":[0.2815858754],"iteration":998,"passed_time":10.37283269,"remaining_time":0.0103832159},
{"learn":[0.2815353421],"iteration":999,"passed_time":10.37775932,"remaining_time":0}
]}:10.45408113,"remaining_time":0}
]}aining_time":0}
]}